feature,gain,split,gain_share
atr_pct,13188.342576503754,246,0.20173592902968532
touch_count,12281.20002913475,142,0.18785979232074979
zone_width_atr,8601.286369800568,58,0.13156986835885542
zone_high,3164.121819496155,39,0.04840009660928703
center,2380.4658765792847,75,0.03641287692895938
zone_width_pct,2337.786509037018,47,0.03576003053741371
range_1h,2211.188595056534,56,0.033823521257197266
level_age_bars,2027.655553817749,96,0.031016101873967594
range_24h,1775.6395382881165,162,0.027161130354361532
touch_density,1409.6180293560028,58,0.021562269942529386
btc_return_24h,1328.4962513446808,138,0.020321387916852406
range_4h,1067.637457370758,58,0.01633115253718854
btc_return_4h,1021.2515931129456,89,0.015621609593061029
zone_low,939.9582762718201,48,0.014378103617862391
is_confirmation_touch,892.1420955657959,12,0.013646681789727083
btc_volatility_4h,870.2697632312775,107,0.013312110917158814
btc_volatility_1h,801.5270278453827,78,0.012260585336391584
return_4h,792.0548405647278,69,0.012115693702744571
distance_to_level_atr,733.0048403739929,47,0.011212433374270529
return_12h,718.5220084190369,72,0.010990896244607308
distance_change_1h,591.8775985240936,56,0.009053675738060105
return_1h,528.103499174118,51,0.00807815306674886
volume_ratio_24h,482.99930214881897,47,0.007388215188865128
return_24h,474.2060785293579,48,0.007253709345864193
btc_return_1h,443.8609356880188,40,0.006789533840327778
quote_volume_ratio_1h,437.4041028022766,51,0.006690766677339817
btc_volume_ratio_24h,423.1630427837372,53,0.006472927820292991
btc_volume_ratio_4h,416.2351288795471,44,0.006366954750546576
btc_volume_ratio_1h,341.6337604522705,37,0.005225812390977069
quote_volume_ratio_24h,299.12571811676025,27,0.004575586681260882
btc_quote_volume_ratio_4h,298.7964301109314,31,0.004570549716123765
btc_quote_volume_ratio_1h,284.4467189311981,36,0.0043510488729087415
btc_quote_volume_ratio_24h,269.97563076019287,26,0.004129691382434594
volume_ratio_1h,262.7968099117279,31,0.004019880306114594
distance_to_level_pct,258.0053086280823,30,0.003946586944397914
distance_change_4h,217.04735851287842,18,0.0033200722728452584
price_position_in_zone,184.62968063354492,18,0.002824194164884695
quote_volume_ratio_4h,169.77497100830078,15,0.0025969685958390602
volume_ratio_4h,135.50192022323608,14,0.0020727097133677536
recent_touch_count,107.71631097793579,12,0.001647686200197651
approach_velocity_1h,71.16257953643799,7,0.001088540808797977
level_type,58.13924980163574,4,0.000889329004291853
approach_velocity_4h,43.16627025604248,4,0.0006602943154027284
recent_touch_density,32.349809646606445,3,0.0004948399592393444
is_degenerate_zone,0.0,0,0.0
