target,model,split,threshold,roc_auc,pr_auc,brier,precision,recall,f1
breakout_1h,calibrated,validation,0.5,0.7782425169273183,0.20950170121729478,0.06752346600025885,0.6,0.007125890736342043,0.014084507042253521
breakout_1h,calibrated,test,0.5,0.8073702619801558,0.2040296465584232,0.06070460571101286,0.2857142857142857,0.005277044854881266,0.010362694300518135
breakout_1h,calibrated,validation,0.14,0.7782425169273183,0.20950170121729478,0.06752346600025885,0.20534943917169973,0.5653206650831354,0.3012658227848101
breakout_1h,calibrated,test,0.14,0.8073702619801558,0.2040296465584232,0.06070460571101286,0.21066907775768534,0.6147757255936676,0.3138047138047138
breakout_4h,calibrated,validation,0.5,0.7559376695596188,0.42197989189658225,0.14318543353979946,0.536723163841808,0.08459483526268922,0.14615384615384616
breakout_4h,calibrated,test,0.5,0.7929614149127315,0.40538744664388504,0.12141997627342624,0.4838709677419355,0.11087645195353749,0.18041237113402062
breakout_4h,calibrated,validation,0.24,0.7559376695596188,0.42197989189658225,0.14318543353979946,0.42892007321537523,0.6260017809439002,0.5090514120202752
breakout_4h,calibrated,test,0.24,0.7929614149127315,0.40538744664388504,0.12141997627342624,0.4049967126890204,0.6504751847940866,0.4991896272285251
breakout_24h,calibrated,validation,0.5,0.6766797170074744,0.6991944645077203,0.22279219349598586,0.6473477406679764,0.6915005246589717,0.6686960933536276
breakout_24h,calibrated,test,0.5,0.7341038852842444,0.6795366203938773,0.2099377940594167,0.6549730146491904,0.670746150809317,0.6627657499512385
breakout_24h,calibrated,validation,0.34,0.6766797170074744,0.6991944645077203,0.22279219349598586,0.5678070898598516,0.9636236446309898,0.7145636104266632
breakout_24h,calibrated,test,0.34,0.7341038852842444,0.6795366203938773,0.2099377940594167,0.5553683196918633,0.9107777339123568,0.6899955136832661
