mean_fit_time,std_fit_time,mean_score_time,std_score_time,param_subsample,param_scale_pos_weight,param_reg_lambda,param_reg_alpha,param_num_leaves,param_n_estimators,param_min_child_samples,param_learning_rate,param_colsample_bytree,params,split0_test_score,split1_test_score,split2_test_score,split3_test_score,split4_test_score,mean_test_score,std_test_score,rank_test_score,split0_train_score,split1_train_score,split2_train_score,split3_train_score,split4_train_score,mean_train_score,std_train_score
6.544031715393066,0.08139867341483459,0.5463215351104737,0.01940388081215333,0.7,1,0.5,0.0,7,400,100,0.03,0.85,"{'subsample': 0.7, 'scale_pos_weight': 1, 'reg_lambda': 0.5, 'reg_alpha': 0.0, 'num_leaves': 7, 'n_estimators': 400, 'min_child_samples': 100, 'learning_rate': 0.03, 'colsample_bytree': 0.85}",0.7070167858740433,0.7236227613386297,0.7435251779016688,0.7290746073159731,0.7164924760556317,0.7239463616971893,0.012262989953486013,1,0.774324753850012,0.7681437742091748,0.7653579265410846,0.7663043925342847,0.7682432549132299,0.7684748204095573,0.003124442989485007
10.47590947151184,0.07365981524531673,1.0056450843811036,0.01909657318989751,0.85,2,1.0,0.0,7,800,20,0.03,0.85,"{'subsample': 0.85, 'scale_pos_weight': 2, 'reg_lambda': 1.0, 'reg_alpha': 0.0, 'num_leaves': 7, 'n_estimators': 800, 'min_child_samples': 20, 'learning_rate': 0.03, 'colsample_bytree': 0.85}",0.7073841291184704,0.7252824839650062,0.7434023724582306,0.7250886950775107,0.7177320533735552,0.7237779467985546,0.01178481956622556,2,0.7990938101994269,0.7968727608263784,0.7935544918160389,0.7959242104571387,0.7936629583811685,0.7958216463360303,0.002079535559862351
9.36411247253418,0.12701027967926704,0.9387075424194335,0.03410076031563591,0.85,1,0.5,0.1,7,800,50,0.03,0.7,"{'subsample': 0.85, 'scale_pos_weight': 1, 'reg_lambda': 0.5, 'reg_alpha': 0.1, 'num_leaves': 7, 'n_estimators': 800, 'min_child_samples': 50, 'learning_rate': 0.03, 'colsample_bytree': 0.7}",0.7051632440301436,0.7231626568759888,0.7437746281309627,0.7283646896921022,0.7183490204934296,0.7237628478445254,0.012627456723037314,3,0.8035669279845685,0.799297904398669,0.7979593332750399,0.7993947713560656,0.7981719565789382,0.7996781787186562,0.002028321174664558
9.499601459503173,0.11369001754559813,1.0733726978302003,0.0358922569373678,0.7,2,0.5,0.1,7,800,100,0.03,0.7,"{'subsample': 0.7, 'scale_pos_weight': 2, 'reg_lambda': 0.5, 'reg_alpha': 0.1, 'num_leaves': 7, 'n_estimators': 800, 'min_child_samples': 100, 'learning_rate': 0.03, 'colsample_bytree': 0.7}",0.704801078959894,0.724335867071376,0.7446995826681759,0.7293197950131586,0.7154521160954832,0.7237216879616175,0.013402711283200062,4,0.7971406205664993,0.7921832381600703,0.7905024078048027,0.7924194679193145,0.791135278150902,0.7926762025203178,0.0023383663692568735
15.70723729133606,0.14138501527145533,1.4104820728302,0.03427643397580124,0.7,2,1.0,0.1,15,800,100,0.01,0.7,"{'subsample': 0.7, 'scale_pos_weight': 2, 'reg_lambda': 1.0, 'reg_alpha': 0.1, 'num_leaves': 15, 'n_estimators': 800, 'min_child_samples': 100, 'learning_rate': 0.01, 'colsample_bytree': 0.7}",0.7075209807000866,0.7229849802405945,0.7448009736203843,0.7290760242343173,0.7140053694231838,0.7236776656437133,0.012887265116874236,5,0.7910948964048574,0.7878040136424528,0.7846527976835176,0.7856742286888623,0.7848548501684176,0.7868161573176216,0.0024130611234827043
6.568620252609253,0.05147575822930752,0.5940970420837403,0.03829229868096645,0.85,1,1.0,0.0,7,400,100,0.03,0.7,"{'subsample': 0.85, 'scale_pos_weight': 1, 'reg_lambda': 1.0, 'reg_alpha': 0.0, 'num_leaves': 7, 'n_estimators': 400, 'min_child_samples': 100, 'learning_rate': 0.03, 'colsample_bytree': 0.7}",0.705395147127575,0.7226065222918743,0.7444792774067259,0.7296084429020985,0.716270928933632,0.723672063732381,0.013100676272515294,6,0.7724331830188514,0.7683542382765278,0.7658979794821408,0.7662486980452032,0.7667903523411876,0.7679448902327822,0.0023963391769873696
10.159915351867676,0.07481070055289654,1.069409227371216,0.0197927451747401,0.85,1,1.0,0.1,7,800,50,0.03,0.7,"{'subsample': 0.85, 'scale_pos_weight': 1, 'reg_lambda': 1.0, 'reg_alpha': 0.1, 'num_leaves': 7, 'n_estimators': 800, 'min_child_samples': 50, 'learning_rate': 0.03, 'colsample_bytree': 0.7}",0.7045207950784085,0.7239435128510421,0.7439796884600876,0.7287389873311028,0.7167598067850381,0.7235885581011359,0.01305880961398194,7,0.8033277309835737,0.7984787792817192,0.7969443645000263,0.798561849535388,0.796563012091564,0.7987751472784543,0.0024126606050446225
5.250202226638794,0.06983591676054063,0.4238583564758301,0.01002075298710289,0.7,5,0.5,0.1,7,400,20,0.03,0.7,"{'subsample': 0.7, 'scale_pos_weight': 5, 'reg_lambda': 0.5, 'reg_alpha': 0.1, 'num_leaves': 7, 'n_estimators': 400, 'min_child_samples': 20, 'learning_rate': 0.03, 'colsample_bytree': 0.7}",0.7063770669260709,0.7232853992464241,0.7441354767206166,0.7281297014273371,0.7159259585370499,0.7235707205714996,0.012632015060293501,8,0.7652211934295207,0.7639422500929579,0.7569617298723683,0.7588216746302157,0.7590352366252255,0.7607964169300577,0.0031994093644398505
11.335012578964234,1.369015930784857,1.2784715175628663,0.04995634592942237,0.7,10,0.5,0.0,7,800,20,0.03,0.7,"{'subsample': 0.7, 'scale_pos_weight': 10, 'reg_lambda': 0.5, 'reg_alpha': 0.0, 'num_leaves': 7, 'n_estimators': 800, 'min_child_samples': 20, 'learning_rate': 0.03, 'colsample_bytree': 0.7}",0.7046243533912222,0.7236362327708366,0.7409685996643804,0.7289864050300432,0.71905602106096,0.7234543223834885,0.011927277352713575,9,0.791415936628685,0.7889201009414338,0.7855285953990432,0.7891764766650944,0.7842424435764334,0.7878567106421379,0.0026085903440236065
10.196789693832397,0.144389039774884,0.9079100608825683,0.01825013391036539,0.85,1,1.0,0.0,7,800,50,0.03,0.85,"{'subsample': 0.85, 'scale_pos_weight': 1, 'reg_lambda': 1.0, 'reg_alpha': 0.0, 'num_leaves': 7, 'n_estimators': 800, 'min_child_samples': 50, 'learning_rate': 0.03, 'colsample_bytree': 0.85}",0.7073188580626439,0.7230705011425417,0.7420339873455264,0.7276181903250034,0.7171264004784752,0.7234335874708381,0.011515925667380264,10,0.8031790572947263,0.7991816127065121,0.7969093673843934,0.7989055541660767,0.7972312330292362,0.799081364916189,0.002234842417070514
9.035858011245727,0.47064920550905176,0.7009885311126709,0.04866112271469047,0.85,5,0.5,0.0,15,400,100,0.03,0.85,"{'subsample': 0.85, 'scale_pos_weight': 5, 'reg_lambda': 0.5, 'reg_alpha': 0.0, 'num_leaves': 15, 'n_estimators': 400, 'min_child_samples': 100, 'learning_rate': 0.03, 'colsample_bytree': 0.85}",0.706548329271678,0.724872565920651,0.7434854039423315,0.7284609655652113,0.7136082709619832,0.723395107132371,0.0127362625487896,11,0.804991694082785,0.8024984872817795,0.7984045911566664,0.8017357294432632,0.7966603125703353,0.8008581629069658,0.0029728379990952274
6.826716899871826,0.03998263136824813,0.5673662185668945,0.017949940046503236,0.7,5,0.5,0.0,15,400,20,0.03,0.7,"{'subsample': 0.7, 'scale_pos_weight': 5, 'reg_lambda': 0.5, 'reg_alpha': 0.0, 'num_leaves': 15, 'n_estimators': 400, 'min_child_samples': 20, 'learning_rate': 0.03, 'colsample_bytree': 0.7}",0.7038789244183996,0.7277878369530417,0.7420006967595741,0.7286281856354053,0.7144519012461171,0.7233495090025076,0.013066759924128287,12,0.8122872738199812,0.8130623173810411,0.8081034808544905,0.8086310227487288,0.8061851682960733,0.8096538526200631,0.0026089899861700392
6.348127555847168,0.43999906136863576,0.44562134742736814,0.006341972581489148,0.7,5,1.0,0.1,7,400,100,0.03,0.85,"{'subsample': 0.7, 'scale_pos_weight': 5, 'reg_lambda': 1.0, 'reg_alpha': 0.1, 'num_leaves': 7, 'n_estimators': 400, 'min_child_samples': 100, 'learning_rate': 0.03, 'colsample_bytree': 0.85}",0.7071623417089841,0.7223675366159492,0.7442821709553963,0.7301884510988399,0.7124719167278595,0.7232944834214058,0.013162393359932585,13,0.7642122383149356,0.7616216228953984,0.7568846007824975,0.7584372953208871,0.7593339717030549,0.7600979458033548,0.002565774636463042
5.95862045288086,0.3846902323354984,0.4205660343170166,0.008971482608773436,0.85,5,0.5,0.0,7,400,50,0.03,0.85,"{'subsample': 0.85, 'scale_pos_weight': 5, 'reg_lambda': 0.5, 'reg_alpha': 0.0, 'num_leaves': 7, 'n_estimators': 400, 'min_child_samples': 50, 'learning_rate': 0.03, 'colsample_bytree': 0.85}",0.706736446297331,0.7214351313121672,0.7445652052205629,0.72730398257732,0.7163937149986254,0.7232868960812013,0.012599728489082371,14,0.7647268378084908,0.7615982466746516,0.7572723554597094,0.7604353753286218,0.7618722798075717,0.761181019015809,0.0024107420689526505
24.439914751052857,1.0498404981392886,1.9319892883300782,0.08646054550487857,0.7,5,0.5,0.1,15,800,100,0.01,0.85,"{'subsample': 0.7, 'scale_pos_weight': 5, 'reg_lambda': 0.5, 'reg_alpha': 0.1, 'num_leaves': 15, 'n_estimators': 800, 'min_child_samples': 100, 'learning_rate': 0.01, 'colsample_bytree': 0.85}",0.7067483493239061,0.7224746086305713,0.7437583629630116,0.7300523059911952,0.7130837356046271,0.7232234725026623,0.012985526082898156,15,0.7841919264138436,0.7800295004106187,0.776860296797386,0.7783267703011771,0.7788178464732907,0.7796452680792632,0.0024899343140571874
12.37541913986206,0.031229607255993868,1.3377344608306885,0.15870469703325243,0.7,2,1.0,0.0,7,800,100,0.03,0.85,"{'subsample': 0.7, 'scale_pos_weight': 2, 'reg_lambda': 1.0, 'reg_alpha': 0.0, 'num_leaves': 7, 'n_estimators': 800, 'min_child_samples': 100, 'learning_rate': 0.03, 'colsample_bytree': 0.85}",0.7048849575730765,0.7255025536990534,0.7428714132102505,0.7276797284087017,0.7148846806019952,0.7231646666986153,0.012782122604803029,16,0.7962339573740385,0.7919002475493204,0.7915576937864928,0.7932411840068435,0.7907477741581426,0.7927361713749675,0.0019251413565943652
9.211910486221313,0.1413405353102646,0.9431362628936768,0.0272414583305516,0.7,1,1.0,0.0,7,800,100,0.03,0.7,"{'subsample': 0.7, 'scale_pos_weight': 1, 'reg_lambda': 1.0, 'reg_alpha': 0.0, 'num_leaves': 7, 'n_estimators': 800, 'min_child_samples': 100, 'learning_rate': 0.03, 'colsample_bytree': 0.7}",0.7057006113530349,0.7230041160991143,0.7421152053469421,0.7277176798425953,0.7171902261202587,0.723145567752389,0.012004698794514233,17,0.8009503123025448,0.7967446632122989,0.7960213681794791,0.7960978504176741,0.7958131345845606,0.7971254657393115,0.0019376119078638075
5.089128923416138,0.10652383053720353,0.41199660301208496,0.00420944866462677,0.7,2,1.0,0.1,7,400,50,0.07,0.7,"{'subsample': 0.7, 'scale_pos_weight': 2, 'reg_lambda': 1.0, 'reg_alpha': 0.1, 'num_leaves': 7, 'n_estimators': 400, 'min_child_samples': 50, 'learning_rate': 0.07, 'colsample_bytree': 0.7}",0.7047115649873369,0.7227511562298007,0.7452573346455219,0.7276930344185673,0.7151394313216537,0.723110504320576,0.013517912412304236,18,0.8070451968166347,0.8020304020129676,0.8020889710133565,0.8034245380938705,0.7998225591076036,0.8028823334088866,0.002380791777571993
10.278132152557372,0.5582999066790326,0.5118846416473388,0.012987110104402374,0.7,2,0.5,0.1,7,800,50,0.01,0.85,"{'subsample': 0.7, 'scale_pos_weight': 2, 'reg_lambda': 0.5, 'reg_alpha': 0.1, 'num_leaves': 7, 'n_estimators': 800, 'min_child_samples': 50, 'learning_rate': 0.01, 'colsample_bytree': 0.85}",0.7049882023812184,0.719998883752249,0.7455291609615159,0.7303998074425585,0.714553108507961,0.7230938326091005,0.013907248103740182,19,0.7574688572199654,0.7533985042198827,0.7497516923147444,0.7503015850916778,0.7529733779247582,0.7527788033542057,0.0027465798825297037
11.900750017166137,0.09717665475320748,1.0272083282470703,0.028826015782673377,0.85,2,0.5,0.0,7,800,50,0.01,0.85,"{'subsample': 0.85, 'scale_pos_weight': 2, 'reg_lambda': 0.5, 'reg_alpha': 0.0, 'num_leaves': 7, 'n_estimators': 800, 'min_child_samples': 50, 'learning_rate': 0.01, 'colsample_bytree': 0.85}",0.704547538451527,0.7205116657381485,0.7453947171593428,0.7307893308646535,0.7142177555623159,0.7230922015551975,0.014042560224488375,20,0.7573819222622851,0.7537769135869046,0.7503311721972591,0.7506307176247332,0.753161139359535,0.7530563730061434,0.002551511495672409
11.404118156433105,0.8425517499619213,0.993579912185669,0.09459627482735086,0.85,2,0.5,0.0,7,800,100,0.01,0.85,"{'subsample': 0.85, 'scale_pos_weight': 2, 'reg_lambda': 0.5, 'reg_alpha': 0.0, 'num_leaves': 7, 'n_estimators': 800, 'min_child_samples': 100, 'learning_rate': 0.01, 'colsample_bytree': 0.85}",0.7057583117949567,0.7202356909673244,0.7446643382018389,0.7309064744247965,0.7130845291468272,0.7229298689071487,0.013675270194997046,21,0.757292832994442,0.7530708448192214,0.7489550119824001,0.7506202552642309,0.7520367152852009,0.7523951320690989,0.0028127260282199834
14.545458650588989,0.05551749645630501,1.4009876251220703,0.014061233396482504,0.7,2,0.5,0.0,15,800,50,0.01,0.7,"{'subsample': 0.7, 'scale_pos_weight': 2, 'reg_lambda': 0.5, 'reg_alpha': 0.0, 'num_leaves': 15, 'n_estimators': 800, 'min_child_samples': 50, 'learning_rate': 0.01, 'colsample_bytree': 0.7}",0.7064612514257871,0.7223378196803122,0.7434684149534663,0.7276647252051007,0.7145699240121893,0.7229004270553712,0.012535557158953464,22,0.7954645928932653,0.7915230292015673,0.7883349936501083,0.7886460567236578,0.7879639856801433,0.7903865316297484,0.0028349646482933896
6.793992805480957,0.110353987159055,0.5626137733459473,0.03697971060639819,0.85,5,1.0,0.0,7,400,50,0.03,0.7,"{'subsample': 0.85, 'scale_pos_weight': 5, 'reg_lambda': 1.0, 'reg_alpha': 0.0, 'num_leaves': 7, 'n_estimators': 400, 'min_child_samples': 50, 'learning_rate': 0.03, 'colsample_bytree': 0.7}",0.7066543544432654,0.7214749461143892,0.7430777978214909,0.7286587362882729,0.7145587791246194,0.7228849227584075,0.012456590029141944,23,0.764326254667667,0.7625877992525877,0.7574550014706909,0.7593627669243176,0.7596271201840207,0.7606717884998567,0.0024567787178579564
8.919783449172973,0.05921753879992077,0.8949292182922364,0.02116347965025597,0.7,1,1.0,0.0,7,800,20,0.03,0.7,"{'subsample': 0.7, 'scale_pos_weight': 1, 'reg_lambda': 1.0, 'reg_alpha': 0.0, 'num_leaves': 7, 'n_estimators': 800, 'min_child_samples': 20, 'learning_rate': 0.03, 'colsample_bytree': 0.7}",0.7069793081248994,0.7220781753999591,0.7417408616227805,0.7275211338407316,0.7158964490831775,0.7228431856143096,0.011657704372562066,24,0.8027122162090803,0.7996640891012904,0.798413668872286,0.7987336062753806,0.7973363487512679,0.7993719858418611,0.0018282331071248282
19.69118127822876,0.9553036959346872,1.2763295650482178,0.06808599991225317,0.7,5,0.5,0.1,15,800,20,0.01,0.85,"{'subsample': 0.7, 'scale_pos_weight': 5, 'reg_lambda': 0.5, 'reg_alpha': 0.1, 'num_leaves': 15, 'n_estimators': 800, 'min_child_samples': 20, 'learning_rate': 0.01, 'colsample_bytree': 0.85}",0.7044957930905534,0.7236540334412711,0.7444438205873024,0.7278706273033234,0.7137384208183996,0.72284053904817,0.01350587720038552,25,0.7878431878146559,0.7866338629656882,0.7804643092065934,0.7829958901670722,0.7816643426543547,0.7839203185616729,0.002850972543610457
17.517119216918946,0.07626008769466117,1.2149545669555664,0.029371875751656864,0.85,5,0.5,0.1,15,800,20,0.01,0.85,"{'subsample': 0.85, 'scale_pos_weight': 5, 'reg_lambda': 0.5, 'reg_alpha': 0.1, 'num_leaves': 15, 'n_estimators': 800, 'min_child_samples': 20, 'learning_rate': 0.01, 'colsample_bytree': 0.85}",0.7044957930905534,0.7236540334412711,0.7444438205873024,0.7278706273033234,0.7137384208183996,0.72284053904817,0.01350587720038552,25,0.7878431878146559,0.7866338629656882,0.7804643092065934,0.7829958901670722,0.7816643426543547,0.7839203185616729,0.002850972543610457
8.097770929336548,0.0751007581787018,0.6896768093109131,0.029650315137403453,0.85,10,0.5,0.0,15,400,100,0.03,0.7,"{'subsample': 0.85, 'scale_pos_weight': 10, 'reg_lambda': 0.5, 'reg_alpha': 0.0, 'num_leaves': 15, 'n_estimators': 400, 'min_child_samples': 100, 'learning_rate': 0.03, 'colsample_bytree': 0.7}",0.7069746890747829,0.7223544517318314,0.7439390737167204,0.7281903388661676,0.7126314581083809,0.7228180022995767,0.012883732328947095,27,0.7969679161950829,0.7967140991804466,0.7921550510661471,0.7948923207375815,0.7898018505699501,0.7941062475498416,0.00275473954113162
11.145685338974,1.1354687251643585,1.047027826309204,0.04830284490911281,0.7,2,1.0,0.1,7,800,50,0.01,0.7,"{'subsample': 0.7, 'scale_pos_weight': 2, 'reg_lambda': 1.0, 'reg_alpha': 0.1, 'num_leaves': 7, 'n_estimators': 800, 'min_child_samples': 50, 'learning_rate': 0.01, 'colsample_bytree': 0.7}",0.7050576971269267,0.7198218610710931,0.7445981607748672,0.7298370113663455,0.714475166383163,0.7227579793444792,0.01354719152390884,28,0.7566288770786331,0.7538553506431696,0.7500855215773682,0.7505328221592359,0.7522689801593359,0.7526743103235486,0.0023868617777011167
5.974782180786133,0.25398050279500234,0.479873514175415,0.016203607135715392,0.85,5,0.5,0.1,7,400,100,0.03,0.85,"{'subsample': 0.85, 'scale_pos_weight': 5, 'reg_lambda': 0.5, 'reg_alpha': 0.1, 'num_leaves': 7, 'n_estimators': 400, 'min_child_samples': 100, 'learning_rate': 0.03, 'colsample_bytree': 0.85}",0.7063253924067814,0.721038967379259,0.7435111208197482,0.7296641116908813,0.713206147649271,0.7227491479891881,0.012981598972773133,29,0.7653722716486532,0.7626034617105464,0.7570178640929202,0.7583467797534712,0.7602587647693984,0.7607198283949979,0.0029913803473208605
6.877205848693848,0.11973419733651518,0.5548245429992675,0.028854149323607282,0.85,5,0.5,0.0,7,400,50,0.07,0.85,"{'subsample': 0.85, 'scale_pos_weight': 5, 'reg_lambda': 0.5, 'reg_alpha': 0.0, 'num_leaves': 7, 'n_estimators': 400, 'min_child_samples': 50, 'learning_rate': 0.07, 'colsample_bytree': 0.85}",0.7085371641287072,0.7247836296631427,0.7399538191771802,0.723925849479401,0.7163815194999064,0.7227163963896674,0.010431167405975023,30,0.7978261077788299,0.7971714960503731,0.7939415576016332,0.7984602783234667,0.7952279372910709,0.7965254754090747,0.0016859825592849026
4.999902200698853,0.03493437335980883,0.432505464553833,0.008057451336635688,0.7,2,0.5,0.0,7,400,20,0.03,0.7,"{'subsample': 0.7, 'scale_pos_weight': 2, 'reg_lambda': 0.5, 'reg_alpha': 0.0, 'num_leaves': 7, 'n_estimators': 400, 'min_child_samples': 20, 'learning_rate': 0.03, 'colsample_bytree': 0.7}",0.7044905442502062,0.7222508331642242,0.7430934374061112,0.7276365943195109,0.7159095537603436,0.7226761925800792,0.012791838088640045,31,0.7703171433123208,0.7683478231750026,0.7626643930636927,0.7643848936910838,0.7647972758639016,0.7661023058212003,0.002802821970983332
18.215960454940795,0.20353491869263632,1.3098140239715577,0.05714468898404873,0.85,5,0.5,0.0,15,800,20,0.01,0.85,"{'subsample': 0.85, 'scale_pos_weight': 5, 'reg_lambda': 0.5, 'reg_alpha': 0.0, 'num_leaves': 15, 'n_estimators': 800, 'min_child_samples': 20, 'learning_rate': 0.01, 'colsample_bytree': 0.85}",0.7040323947726151,0.7243343279364967,0.7436777262091188,0.7272396679870331,0.7140462116032257,0.7226660657016979,0.013316954539232165,32,0.7876630172462955,0.7860802427783011,0.7799518617297498,0.78337436981415,0.7824710855841199,0.7839081154305233,0.002713643578968663
19.410661220550537,0.03859786572159864,1.5157570838928223,0.1181750169359031,0.7,5,0.5,0.0,15,800,20,0.01,0.85,"{'subsample': 0.7, 'scale_pos_weight': 5, 'reg_lambda': 0.5, 'reg_alpha': 0.0, 'num_leaves': 15, 'n_estimators': 800, 'min_child_samples': 20, 'learning_rate': 0.01, 'colsample_bytree': 0.85}",0.7040323947726151,0.7243343279364967,0.7436777262091188,0.7272396679870331,0.7140462116032257,0.7226660657016979,0.013316954539232165,32,0.7876630172462955,0.7860802427783011,0.7799518617297498,0.78337436981415,0.7824710855841199,0.7839081154305233,0.002713643578968663
25.039771413803102,0.9194392347655682,2.312535810470581,0.029714607335955354,0.7,5,1.0,0.0,31,800,100,0.01,0.85,"{'subsample': 0.7, 'scale_pos_weight': 5, 'reg_lambda': 1.0, 'reg_alpha': 0.0, 'num_leaves': 31, 'n_estimators': 800, 'min_child_samples': 100, 'learning_rate': 0.01, 'colsample_bytree': 0.85}",0.7058011892148628,0.7232057160942876,0.7437288329863929,0.7277585843529087,0.7127679847927475,0.7226524614882399,0.013055728809006293,34,0.8282877587607407,0.8281880501145908,0.8228362362408512,0.8259612954048964,0.8216609529840491,0.8253868587010256,0.0027195558595029786
9.849276065826416,0.11370364038321001,1.0559839248657226,0.027789349455656972,0.85,1,0.5,0.0,7,800,50,0.01,0.7,"{'subsample': 0.85, 'scale_pos_weight': 1, 'reg_lambda': 0.5, 'reg_alpha': 0.0, 'num_leaves': 7, 'n_estimators': 800, 'min_child_samples': 50, 'learning_rate': 0.01, 'colsample_bytree': 0.7}",0.7053134435870977,0.7204219990866602,0.7439918819094903,0.7293030074764613,0.7142243925427303,0.722650944920488,0.0132381982520862,35,0.760378159043563,0.7564265670403081,0.7539320497650914,0.753573159663794,0.7550712027625867,0.7558762276550686,0.002461799121922094
12.114989709854125,0.06456915916635028,1.0802105903625487,0.00864544122589941,0.85,1,1.0,0.0,31,400,100,0.01,0.7,"{'subsample': 0.85, 'scale_pos_weight': 1, 'reg_lambda': 1.0, 'reg_alpha': 0.0, 'num_leaves': 31, 'n_estimators': 400, 'min_child_samples': 100, 'learning_rate': 0.01, 'colsample_bytree': 0.7}",0.7047072486532976,0.7193891641601051,0.7445179657295353,0.7317405021348906,0.7124084092676684,0.7225526579890994,0.01412985020352351,36,0.8054834350521729,0.8019026482435994,0.7988635700469068,0.7988382612519502,0.7991835391673043,0.8008542907523868,0.0025825098300117505
18.351966285705565,0.10280461683775186,1.4908584594726562,0.05807662520621255,0.85,2,1.0,0.0,15,800,20,0.01,0.85,"{'subsample': 0.85, 'scale_pos_weight': 2, 'reg_lambda': 1.0, 'reg_alpha': 0.0, 'num_leaves': 15, 'n_estimators': 800, 'min_child_samples': 20, 'learning_rate': 0.01, 'colsample_bytree': 0.85}",0.7052192177813326,0.7250184586008291,0.7449234128095149,0.7255765276861321,0.7114804599182755,0.7224436153592169,0.01370151013513992,37,0.7946659387879254,0.7922939332182042,0.7882908012951124,0.7882316460138128,0.7889780015480864,0.7904920641726282,0.0025657511766066783
22.682250881195067,0.09874133586032909,2.4601632595062255,0.06140745148501546,0.7,10,0.5,0.0,31,800,50,0.01,0.7,"{'subsample': 0.7, 'scale_pos_weight': 10, 'reg_lambda': 0.5, 'reg_alpha': 0.0, 'num_leaves': 31, 'n_estimators': 800, 'min_child_samples': 50, 'learning_rate': 0.01, 'colsample_bytree': 0.7}",0.704556789312732,0.7213419122432743,0.7459440346191563,0.7264195468561025,0.7138818860042053,0.7224288338070941,0.013874668641166137,38,0.8242221754732602,0.8222942036484187,0.8183478144315529,0.819137554933647,0.8187150282686126,0.8205433553510982,0.0023125155962763757
5.664263582229614,0.0823631486488355,0.44115438461303713,0.00916859694120128,0.85,10,0.5,0.0,7,400,50,0.03,0.85,"{'subsample': 0.85, 'scale_pos_weight': 10, 'reg_lambda': 0.5, 'reg_alpha': 0.0, 'num_leaves': 7, 'n_estimators': 400, 'min_child_samples': 50, 'learning_rate': 0.03, 'colsample_bytree': 0.85}",0.7079462940435768,0.7206604750909398,0.7424996520246785,0.7272135761291205,0.7137110187625402,0.7224062032101711,0.011954917749560912,39,0.7598064243862899,0.7588848335487993,0.7519479815811305,0.7551880841161602,0.7575292479141699,0.75667131430931,0.002827524590721731
15.927373695373536,0.13384494864089025,1.54193434715271,0.043814831031224334,0.85,2,1.0,0.0,15,800,20,0.01,0.7,"{'subsample': 0.85, 'scale_pos_weight': 2, 'reg_lambda': 1.0, 'reg_alpha': 0.0, 'num_leaves': 15, 'n_estimators': 800, 'min_child_samples': 20, 'learning_rate': 0.01, 'colsample_bytree': 0.7}",0.7050500521425351,0.724012695028079,0.744197506799188,0.7268407148173668,0.7117695029178448,0.7223740943410026,0.013501680186984404,40,0.7943035608204407,0.7926301319639871,0.7892673226369806,0.7882922009806408,0.7882159231868041,0.7905418279177706,0.0024741328220218603
10.710091018676758,0.09514591065300669,1.0952323436737061,0.059082028844070475,0.7,2,1.0,0.0,7,800,50,0.01,0.7,"{'subsample': 0.7, 'scale_pos_weight': 2, 'reg_lambda': 1.0, 'reg_alpha': 0.0, 'num_leaves': 7, 'n_estimators': 800, 'min_child_samples': 50, 'learning_rate': 0.01, 'colsample_bytree': 0.7}",0.7042801863184337,0.7193173182219307,0.7445625780657914,0.7295661080182837,0.7139452620042542,0.7223342905257388,0.013797279089394364,41,0.7571730972585158,0.7534492353652258,0.7499663378670034,0.749790151776686,0.7521340595775335,0.7525025763689929,0.00270686114044039
28.160078954696655,0.20273393782090968,2.3417598724365236,0.20085275544008854,0.85,10,0.5,0.1,31,800,50,0.01,0.85,"{'subsample': 0.85, 'scale_pos_weight': 10, 'reg_lambda': 0.5, 'reg_alpha': 0.1, 'num_leaves': 31, 'n_estimators': 800, 'min_child_samples': 50, 'learning_rate': 0.01, 'colsample_bytree': 0.85}",0.7043195492515968,0.7215029654726921,0.7468156837342073,0.7260575589713021,0.7128562549973686,0.7223104024854333,0.014340527536657578,42,0.8246937765656548,0.8235758077045756,0.8195932299341846,0.8211556389506343,0.8178184162629423,0.8213673738835983,0.0025191130730128053
7.279299736022949,0.6335460070370481,0.44620399475097655,0.03553888801546757,0.85,5,0.5,0.0,15,400,50,0.03,0.85,"{'subsample': 0.85, 'scale_pos_weight': 5, 'reg_lambda': 0.5, 'reg_alpha': 0.0, 'num_leaves': 15, 'n_estimators': 400, 'min_child_samples': 50, 'learning_rate': 0.03, 'colsample_bytree': 0.85}",0.7062805525728475,0.7224158250536422,0.7426114050192107,0.7245007220945878,0.7152652428779189,0.7222147495236415,0.012028997734262437,43,0.8085905318599768,0.8079220479013454,0.8016390484596791,0.8072626773812356,0.8048175023124322,0.8060463615829339,0.0025457780640886214
5.667044401168823,0.36895665189896504,0.4274177074432373,0.014624315666190432,0.7,1,0.5,0.1,7,400,50,0.07,0.85,"{'subsample': 0.7, 'scale_pos_weight': 1, 'reg_lambda': 0.5, 'reg_alpha': 0.1, 'num_leaves': 7, 'n_estimators': 400, 'min_child_samples': 50, 'learning_rate': 0.07, 'colsample_bytree': 0.85}",0.7050146533825901,0.7234988380963709,0.7412702089772563,0.7251789340905732,0.7159039624850345,0.7221733194063651,0.011909715081669934,44,0.8116042417226138,0.8073348821972006,0.805271105331421,0.8081849768692682,0.8079191572180175,0.8080628726677042,0.0020445436329250325
5.317627573013306,0.04142926593575897,0.4389355182647705,0.011938241657019283,0.7,10,1.0,0.0,7,400,100,0.07,0.85,"{'subsample': 0.7, 'scale_pos_weight': 10, 'reg_lambda': 1.0, 'reg_alpha': 0.0, 'num_leaves': 7, 'n_estimators': 400, 'min_child_samples': 100, 'learning_rate': 0.07, 'colsample_bytree': 0.85}",0.7060202426934761,0.7220299498838463,0.7392724361680696,0.728077230167826,0.7151235160927826,0.7221046750012001,0.011294729433771834,45,0.7906733715593945,0.790071544766439,0.785250151908353,0.7904520466883506,0.7867683781044089,0.7886430986053893,0.002211850994771472
10.828535032272338,0.11181189622992586,1.0729038715362549,0.04002603145292305,0.85,5,0.5,0.1,7,800,50,0.01,0.7,"{'subsample': 0.85, 'scale_pos_weight': 5, 'reg_lambda': 0.5, 'reg_alpha': 0.1, 'num_leaves': 7, 'n_estimators': 800, 'min_child_samples': 50, 'learning_rate': 0.01, 'colsample_bytree': 0.7}",0.7051066353762485,0.7191020790316357,0.7443841927274533,0.7285422900467133,0.7132854064986429,0.7220841207361387,0.013516997564308814,46,0.7519765235305924,0.7482930135332733,0.74405503037384,0.7458153604281463,0.748378540806715,0.7477036937345133,0.0026809825757652924
7.105963468551636,0.07130571826928439,0.6331174850463868,0.02074128470918226,0.85,5,0.5,0.0,15,400,50,0.03,0.7,"{'subsample': 0.85, 'scale_pos_weight': 5, 'reg_lambda': 0.5, 'reg_alpha': 0.0, 'num_leaves': 15, 'n_estimators': 400, 'min_child_samples': 50, 'learning_rate': 0.03, 'colsample_bytree': 0.7}",0.7031322831887132,0.7228939235073112,0.7429607183326484,0.7276409265984561,0.7136380864906978,0.7220531876235654,0.013400515331420492,47,0.8079783829136742,0.8070853302091376,0.8027876288035675,0.8036993879818359,0.8022778542419874,0.8047657168300406,0.002321257387858583
5.21247124671936,0.05004067191723635,0.4739994525909424,0.013535386578707695,0.7,2,1.0,0.0,7,400,100,0.07,0.7,"{'subsample': 0.7, 'scale_pos_weight': 2, 'reg_lambda': 1.0, 'reg_alpha': 0.0, 'num_leaves': 7, 'n_estimators': 400, 'min_child_samples': 100, 'learning_rate': 0.07, 'colsample_bytree': 0.7}",0.7043341688216361,0.7231492809131094,0.740627778254469,0.727898655190069,0.7142078546570441,0.7220435475672655,0.01229551740010451,48,0.8030831837806078,0.799012704060025,0.7983970804290548,0.8001618304271424,0.795840683321621,0.7992990964036901,0.002363044718603721
15.660791969299316,0.1634498752456995,1.6239283561706543,0.022772747395942032,0.85,1,0.5,0.0,15,800,50,0.01,0.7,"{'subsample': 0.85, 'scale_pos_weight': 1, 'reg_lambda': 0.5, 'reg_alpha': 0.0, 'num_leaves': 15, 'n_estimators': 800, 'min_child_samples': 50, 'learning_rate': 0.01, 'colsample_bytree': 0.7}",0.7041968667370986,0.720958515673517,0.7432054413530933,0.7268677859044754,0.7149075112659586,0.7220272241868285,0.012974606096764455,49,0.7993413652789816,0.7962669222609269,0.7940177268334181,0.7933125026624201,0.793533458609081,0.7952943951289655,0.002279581256739509
12.487851524353028,0.059398786968273436,0.8852602958679199,0.032111918790500495,0.85,1,0.5,0.0,31,400,50,0.01,0.7,"{'subsample': 0.85, 'scale_pos_weight': 1, 'reg_lambda': 0.5, 'reg_alpha': 0.0, 'num_leaves': 31, 'n_estimators': 400, 'min_child_samples': 50, 'learning_rate': 0.01, 'colsample_bytree': 0.7}",0.7034435692877277,0.7193453859968941,0.7438793940594552,0.7295780629164007,0.71371990060804,0.7219932625737034,0.01382810787660317,50,0.8101740991468797,0.8051309087249702,0.8022200173287468,0.8021778027099961,0.8032614460701429,0.8045928547961472,0.002989156200472205
14.164643716812133,0.708392491528413,0.6994627952575684,0.04341447840481599,0.7,2,0.5,0.0,31,400,100,0.01,0.7,"{'subsample': 0.7, 'scale_pos_weight': 2, 'reg_lambda': 0.5, 'reg_alpha': 0.0, 'num_leaves': 31, 'n_estimators': 400, 'min_child_samples': 100, 'learning_rate': 0.01, 'colsample_bytree': 0.7}",0.7046084356523692,0.7187404422734408,0.7443309442587889,0.731239573275176,0.7109445773949064,0.7219727945709364,0.014278309991924112,51,0.7962818942760758,0.7907479165169736,0.7900340119192669,0.7913139075396607,0.7915576144080524,0.7919870689320059,0.0022105670126482176
19.322607278823853,0.3204627368122702,1.746222162246704,0.143051418543527,0.7,10,0.5,0.0,15,800,20,0.01,0.7,"{'subsample': 0.7, 'scale_pos_weight': 10, 'reg_lambda': 0.5, 'reg_alpha': 0.0, 'num_leaves': 15, 'n_estimators': 800, 'min_child_samples': 20, 'learning_rate': 0.01, 'colsample_bytree': 0.7}",0.7031508481228539,0.7209833697267443,0.7421050305135475,0.7287229744478338,0.7145028089901255,0.721893006360221,0.013129244729388662,52,0.7804133068546183,0.7791622738132813,0.7720103544853897,0.7765893651303469,0.7738983286372781,0.7764147257841829,0.0031400290058806518
7.200642728805542,0.036472889452572974,0.6968088150024414,0.0215835370210203,0.7,2,1.0,0.0,15,400,50,0.03,0.7,"{'subsample': 0.7, 'scale_pos_weight': 2, 'reg_lambda': 1.0, 'reg_alpha': 0.0, 'num_leaves': 15, 'n_estimators': 400, 'min_child_samples': 50, 'learning_rate': 0.03, 'colsample_bytree': 0.7}",0.7063547026571706,0.7224431123615024,0.7436273449876843,0.7229957081879648,0.7140419403708553,0.7218925617130354,0.01246577844866376,53,0.8175228177265809,0.8130870299897667,0.8111094040325513,0.8116842496106771,0.8119942753365977,0.8130795553392348,0.0023129566984576902
16.16249785423279,0.08595673829456038,1.4577215194702149,0.040039966980728,0.7,1,0.5,0.1,15,800,20,0.01,0.7,"{'subsample': 0.7, 'scale_pos_weight': 1, 'reg_lambda': 0.5, 'reg_alpha': 0.1, 'num_leaves': 15, 'n_estimators': 800, 'min_child_samples': 20, 'learning_rate': 0.01, 'colsample_bytree': 0.7}",0.7040002560367049,0.7216468515618932,0.7427553174021359,0.7267956946461782,0.714222672909731,0.7218841585113287,0.012948491067169532,54,0.7994601808687714,0.7984027527476042,0.7946726104586667,0.7924058016253979,0.7952934700865062,0.7960469631573892,0.0025657144887561542
11.394352436065674,0.1227374691230907,0.9415394783020019,0.04078523954602103,0.85,5,1.0,0.0,7,800,100,0.01,0.85,"{'subsample': 0.85, 'scale_pos_weight': 5, 'reg_lambda': 1.0, 'reg_alpha': 0.0, 'num_leaves': 7, 'n_estimators': 800, 'min_child_samples': 100, 'learning_rate': 0.01, 'colsample_bytree': 0.85}",0.7047841428552751,0.7184885523250351,0.7438854722234702,0.7302620350884669,0.7116380514510922,0.7218116507886678,0.013879075767875197,55,0.7516853832762371,0.7488968435843598,0.743931392480794,0.7464433291897052,0.748825231975176,0.7479564361012544,0.0026090108551335128
16.230131340026855,0.09061377819314735,0.7916786670684814,0.025249280233032932,0.85,1,1.0,0.1,31,400,50,0.01,0.85,"{'subsample': 0.85, 'scale_pos_weight': 1, 'reg_lambda': 1.0, 'reg_alpha': 0.1, 'num_leaves': 31, 'n_estimators': 400, 'min_child_samples': 50, 'learning_rate': 0.01, 'colsample_bytree': 0.85}",0.7036465638833027,0.7197909880599346,0.7434976207608677,0.7273124206327284,0.7146736356252259,0.7217842457924117,0.013308198435247847,56,0.8079691731397562,0.8038170305219161,0.8011604621213098,0.802627341282294,0.8007010160766048,0.8032550046283763,0.002601660430232935
5.9163583278656,0.022181896716185444,0.44739484786987305,0.0071530645206583044,0.7,1,1.0,0.1,7,400,100,0.07,0.85,"{'subsample': 0.7, 'scale_pos_weight': 1, 'reg_lambda': 1.0, 'reg_alpha': 0.1, 'num_leaves': 7, 'n_estimators': 400, 'min_child_samples': 100, 'learning_rate': 0.07, 'colsample_bytree': 0.85}",0.7008534833666138,0.722420787905426,0.7413613017013088,0.7280321177083211,0.7161815744665571,0.7217698530296454,0.013358053101795773,57,0.8089306443830843,0.8039426516533539,0.8027707742795309,0.8034441788631385,0.8015156798017274,0.804120785796167,0.0025390303928119785
26.873576068878172,0.24023776287902962,2.101224994659424,0.09766141432391368,0.85,2,1.0,0.1,31,800,100,0.01,0.85,"{'subsample': 0.85, 'scale_pos_weight': 2, 'reg_lambda': 1.0, 'reg_alpha': 0.1, 'num_leaves': 31, 'n_estimators': 800, 'min_child_samples': 100, 'learning_rate': 0.01, 'colsample_bytree': 0.85}",0.7051130055011987,0.7222999492409369,0.7428384468919028,0.7267265257890454,0.7117429453141026,0.7217441745474373,0.013013234841264052,58,0.8401512955512804,0.8379500437100191,0.835792111714017,0.8384505814899817,0.8335865571515584,0.8371861179233713,0.0022748547270336297
13.904186916351318,1.0121421961842485,1.0417951107025147,0.04291334064935213,0.85,5,0.5,0.1,7,800,100,0.01,0.85,"{'subsample': 0.85, 'scale_pos_weight': 5, 'reg_lambda': 0.5, 'reg_alpha': 0.1, 'num_leaves': 7, 'n_estimators': 800, 'min_child_samples': 100, 'learning_rate': 0.01, 'colsample_bytree': 0.85}",0.7040116696817404,0.7182828259477017,0.7443653685600145,0.7302716037531757,0.7116606700064828,0.721718427589823,0.014230473496357797,59,0.7522666293396395,0.7490776389375351,0.7438464122380992,0.7461340532061028,0.7480816985119974,0.7478812864466748,0.002829688691117049
11.759412717819213,0.13639544230480397,0.9386737823486329,0.05383421576812627,0.85,5,1.0,0.1,31,400,100,0.03,0.7,"{'subsample': 0.85, 'scale_pos_weight': 5, 'reg_lambda': 1.0, 'reg_alpha': 0.1, 'num_leaves': 31, 'n_estimators': 400, 'min_child_samples': 100, 'learning_rate': 0.03, 'colsample_bytree': 0.7}",0.7033623960416013,0.7235383426811526,0.741652811553775,0.7273126947773964,0.7125749865943763,0.7216882463296603,0.013057790266519646,60,0.8586933329870685,0.8592947136916583,0.8550550102173152,0.8582768282716928,0.8530635547439472,0.8568766879823364,0.0024069040366130018
11.717933988571167,0.11145268338547162,0.9350382804870605,0.022397954892215435,0.7,10,0.5,0.0,7,800,50,0.01,0.85,"{'subsample': 0.7, 'scale_pos_weight': 10, 'reg_lambda': 0.5, 'reg_alpha': 0.0, 'num_leaves': 7, 'n_estimators': 800, 'min_child_samples': 50, 'learning_rate': 0.01, 'colsample_bytree': 0.85}",0.705431090401557,0.718365075540643,0.7437164497208766,0.7282653024109802,0.7121257770065801,0.7215807390161274,0.013380740074807483,61,0.7481290741728824,0.7448223022349343,0.7383848911067654,0.7418779012489075,0.7460221406689066,0.7438472618864792,0.0033979580253808233
10.417606163024903,0.1027174238969473,1.1074315547943114,0.04426705402991473,0.7,10,0.5,0.0,7,800,100,0.01,0.7,"{'subsample': 0.7, 'scale_pos_weight': 10, 'reg_lambda': 0.5, 'reg_alpha': 0.0, 'num_leaves': 7, 'n_estimators': 800, 'min_child_samples': 100, 'learning_rate': 0.01, 'colsample_bytree': 0.7}",0.7050135848855845,0.7175345879664194,0.7436318552919323,0.7287454183247823,0.7126123388080536,0.7215075570553544,0.013482074893742568,62,0.7481042102391572,0.7456033684165861,0.7402105458811901,0.7422218631492534,0.7459234683207723,0.7444126912013919,0.002820823475070377
25.836230945587157,1.4185644965076614,2.1264724731445312,0.052841644946012956,0.85,10,0.5,0.1,31,800,20,0.01,0.7,"{'subsample': 0.85, 'scale_pos_weight': 10, 'reg_lambda': 0.5, 'reg_alpha': 0.1, 'num_leaves': 31, 'n_estimators': 800, 'min_child_samples': 20, 'learning_rate': 0.01, 'colsample_bytree': 0.7}",0.7036206510896377,0.7219362245530807,0.7447168433990489,0.7258685251726029,0.7107681087244049,0.721382070587755,0.014093056393406234,63,0.8369456421319844,0.8362981918247014,0.8319502086714513,0.8281321065126126,0.8267053643750357,0.8320063027031571,0.004145597087189434
15.323405122756958,0.4844344393269242,0.8561278343200683,0.03127442297811299,0.85,2,1.0,0.0,31,400,20,0.01,0.85,"{'subsample': 0.85, 'scale_pos_weight': 2, 'reg_lambda': 1.0, 'reg_alpha': 0.0, 'num_leaves': 31, 'n_estimators': 400, 'min_child_samples': 20, 'learning_rate': 0.01, 'colsample_bytree': 0.85}",0.7047716224663503,0.7180629408134896,0.7433348201909956,0.7297084908771144,0.7110289053168114,0.7213813559329523,0.01375037546980987,64,0.8022912387968116,0.7974411972876944,0.7959222070624892,0.7953328659449506,0.7962289418995095,0.7974432901982911,0.0025197157069810324
22.111836862564086,0.18950875517614144,1.868859052658081,0.06846056972392002,0.7,2,1.0,0.0,31,800,20,0.01,0.7,"{'subsample': 0.7, 'scale_pos_weight': 2, 'reg_lambda': 1.0, 'reg_alpha': 0.0, 'num_leaves': 31, 'n_estimators': 800, 'min_child_samples': 20, 'learning_rate': 0.01, 'colsample_bytree': 0.7}",0.7023558647738932,0.7225624947965392,0.7437898897821431,0.7254358135651832,0.7126448762314908,0.7213577878298499,0.013843906378743148,65,0.8517473673830545,0.8508422457804297,0.8463814936305352,0.8474485538805788,0.8460322266732188,0.8484903774695634,0.0023543389995023386
11.131387996673585,0.6496039574081862,0.6543661594390869,0.01692435983354953,0.7,1,0.5,0.0,15,400,20,0.01,0.7,"{'subsample': 0.7, 'scale_pos_weight': 1, 'reg_lambda': 0.5, 'reg_alpha': 0.0, 'num_leaves': 15, 'n_estimators': 400, 'min_child_samples': 20, 'learning_rate': 0.01, 'colsample_bytree': 0.7}",0.7045466316330948,0.7180836567112021,0.7436955226445265,0.7284754507097218,0.7116784110925694,0.7212959345582228,0.013686793880688565,66,0.7701265136396793,0.7654671764735377,0.7641530761993525,0.7635896313017664,0.7649083292553457,0.7656489453739364,0.002328457376803986
26.07916407585144,0.18285529591517763,2.3842626094818113,0.12995529625320404,0.7,1,1.0,0.1,31,800,20,0.01,0.7,"{'subsample': 0.7, 'scale_pos_weight': 1, 'reg_lambda': 1.0, 'reg_alpha': 0.1, 'num_leaves': 31, 'n_estimators': 800, 'min_child_samples': 20, 'learning_rate': 0.01, 'colsample_bytree': 0.7}",0.7043400916248257,0.7197396766072077,0.7442264853380043,0.7250047036798085,0.7127551517867886,0.7212132218073269,0.0134342728810049,67,0.8552411506065065,0.8552210852540141,0.8511069932040695,0.8514660505032045,0.8510724463596939,0.8528215451854976,0.0019722415656792027
10.013608455657959,0.06758924015925459,0.5744231700897217,0.007893976026666858,0.85,2,1.0,0.1,15,400,100,0.01,0.85,"{'subsample': 0.85, 'scale_pos_weight': 2, 'reg_lambda': 1.0, 'reg_alpha': 0.1, 'num_leaves': 15, 'n_estimators': 400, 'min_child_samples': 100, 'learning_rate': 0.01, 'colsample_bytree': 0.85}",0.705120873402066,0.7168700202268693,0.7443317247429597,0.7301989353061175,0.709356122118358,0.7211755351592741,0.014377892848737908,68,0.7639899698836343,0.7577898429958561,0.7581307540504025,0.7568268114629499,0.7589285294812629,0.7591331815748211,0.0025202792594632402
12.43461079597473,0.09082430701933655,0.9236562728881836,0.03400111596948133,0.7,10,0.5,0.1,7,800,100,0.01,0.85,"{'subsample': 0.7, 'scale_pos_weight': 10, 'reg_lambda': 0.5, 'reg_alpha': 0.1, 'num_leaves': 7, 'n_estimators': 800, 'min_child_samples': 100, 'learning_rate': 0.01, 'colsample_bytree': 0.85}",0.7044634638989289,0.7173393492179618,0.7432851064747528,0.7298005854119396,0.7109801841715138,0.7211737378350194,0.013864915792129237,69,0.7489139566577856,0.7453920060765202,0.7401381200725612,0.7428937775807622,0.7454096605728302,0.7445495041920919,0.0029223231926466583
11.676916933059692,0.7937955853219337,0.9168615341186523,0.026007204638822317,0.85,10,0.5,0.0,7,800,20,0.01,0.85,"{'subsample': 0.85, 'scale_pos_weight': 10, 'reg_lambda': 0.5, 'reg_alpha': 0.0, 'num_leaves': 7, 'n_estimators': 800, 'min_child_samples': 20, 'learning_rate': 0.01, 'colsample_bytree': 0.85}",0.7039894074437203,0.7185076031490559,0.7432466426460633,0.7290985752617234,0.7107297763495686,0.7211144009700263,0.013867114965918198,70,0.7468584850559649,0.7454770153545001,0.7392244079382307,0.7408823750970547,0.7451344062599621,0.7435153379411424,0.0029322607917667506
10.1497811794281,0.5002441673029003,0.6809740543365479,0.01493106729383818,0.85,1,1.0,0.0,15,400,20,0.01,0.85,"{'subsample': 0.85, 'scale_pos_weight': 1, 'reg_lambda': 1.0, 'reg_alpha': 0.0, 'num_leaves': 15, 'n_estimators': 400, 'min_child_samples': 20, 'learning_rate': 0.01, 'colsample_bytree': 0.85}",0.7039576970589473,0.7190855995914902,0.743592749306072,0.7277896444435543,0.7111112845511446,0.7211073949902416,0.013772186726474542,71,0.7696609305501347,0.7650984604974289,0.7631459427954859,0.7633069035453377,0.7644343988736024,0.7651293272523979,0.0023779970028682657
27.087993717193605,0.5301147393775604,1.8274218559265136,0.13535690485839827,0.85,2,0.5,0.0,31,800,20,0.01,0.85,"{'subsample': 0.85, 'scale_pos_weight': 2, 'reg_lambda': 0.5, 'reg_alpha': 0.0, 'num_leaves': 31, 'n_estimators': 800, 'min_child_samples': 20, 'learning_rate': 0.01, 'colsample_bytree': 0.85}",0.7012469318109413,0.7217025375878391,0.7423552433773504,0.7239530045587959,0.7143448308898026,0.7207205096449458,0.013411522055058096,72,0.8528085536241474,0.8542134171224561,0.8488942494456635,0.849800382732312,0.848232046805026,0.850789729945921,0.002319943111875373
10.701108264923096,0.7432834250930922,0.6446796417236328,0.018435859938680254,0.85,2,0.5,0.1,15,400,20,0.01,0.7,"{'subsample': 0.85, 'scale_pos_weight': 2, 'reg_lambda': 0.5, 'reg_alpha': 0.1, 'num_leaves': 15, 'n_estimators': 400, 'min_child_samples': 20, 'learning_rate': 0.01, 'colsample_bytree': 0.7}",0.7047036462290893,0.7172614380261575,0.742786423244146,0.7290137524594357,0.7096401873979795,0.7206810894713617,0.013761927778038613,73,0.7647477702558556,0.759817862369373,0.7589637653923959,0.7577872904667131,0.7602372907068553,0.7603107958382385,0.002371400378417809
15.433152866363525,1.030406744672657,1.379929542541504,0.03289546909065582,0.85,10,1.0,0.1,15,800,50,0.03,0.7,"{'subsample': 0.85, 'scale_pos_weight': 10, 'reg_lambda': 1.0, 'reg_alpha': 0.1, 'num_leaves': 15, 'n_estimators': 800, 'min_child_samples': 50, 'learning_rate': 0.03, 'colsample_bytree': 0.7}",0.7059877358913025,0.721831313296354,0.7372219983457917,0.7251970831173241,0.7125335239665217,0.7205543309234589,0.010747241546435214,74,0.8501757276779746,0.8496501657754512,0.8460877695260348,0.8495915600667434,0.8461233581542844,0.8483257162400977,0.001824163157097648
15.260041284561158,0.09877783136786458,1.514789867401123,0.05649645828979945,0.7,2,1.0,0.0,15,800,50,0.03,0.85,"{'subsample': 0.7, 'scale_pos_weight': 2, 'reg_lambda': 1.0, 'reg_alpha': 0.0, 'num_leaves': 15, 'n_estimators': 800, 'min_child_samples': 50, 'learning_rate': 0.03, 'colsample_bytree': 0.85}",0.7042681101080308,0.7219637845362991,0.7389977102705193,0.7239534046885772,0.7135040788988944,0.7205374177004641,0.01156411791240677,75,0.8687543760226135,0.8639783772758061,0.8656619814591828,0.8649565017261738,0.8607554017588903,0.8648213276485333,0.0025859682536500963
6.153537225723267,0.11322593342052412,0.449100923538208,0.00839128080229488,0.85,1,0.5,0.1,7,400,20,0.01,0.7,"{'subsample': 0.85, 'scale_pos_weight': 1, 'reg_lambda': 0.5, 'reg_alpha': 0.1, 'num_leaves': 7, 'n_estimators': 400, 'min_child_samples': 20, 'learning_rate': 0.01, 'colsample_bytree': 0.7}",0.7021041732051012,0.7161726453844921,0.7442372633198406,0.7293029942965243,0.7106795796130818,0.7204993311638079,0.014795428174104694,76,0.7436009739633432,0.7395876251983822,0.7344153323102074,0.7368292534197225,0.7399650983827684,0.7388796566548848,0.0031017603263825935
11.710901927947997,0.10418572213217675,0.7828874111175537,0.02487025322567891,0.7,5,1.0,0.0,31,400,20,0.01,0.7,"{'subsample': 0.7, 'scale_pos_weight': 5, 'reg_lambda': 1.0, 'reg_alpha': 0.0, 'num_leaves': 31, 'n_estimators': 400, 'min_child_samples': 20, 'learning_rate': 0.01, 'colsample_bytree': 0.7}",0.7038686178355242,0.7160278701982569,0.7403807385292606,0.730886130900527,0.7110288333474373,0.7204384381622011,0.013337183703296882,77,0.7849007712240585,0.7793230662785875,0.7809404209896199,0.7784533906847769,0.7791449570974021,0.7805525212548889,0.002321934088003395
7.191743612289429,0.05796207957247022,0.4699760913848877,0.011792296720264949,0.7,2,1.0,0.1,7,400,100,0.01,0.85,"{'subsample': 0.7, 'scale_pos_weight': 2, 'reg_lambda': 1.0, 'reg_alpha': 0.1, 'num_leaves': 7, 'n_estimators': 400, 'min_child_samples': 100, 'learning_rate': 0.01, 'colsample_bytree': 0.85}",0.7011835522009684,0.7152920435948803,0.7441573987734319,0.730102289615117,0.7113351454914625,0.7204140859351721,0.015073699612889237,78,0.7412665081541918,0.7372727268533572,0.7321043288524023,0.734662947296039,0.7374200173114555,0.7365453056934892,0.003061031299183168
5.754992723464966,0.5339882452880857,0.44637908935546877,0.008443603717718092,0.7,1,0.5,0.0,7,400,50,0.01,0.7,"{'subsample': 0.7, 'scale_pos_weight': 1, 'reg_lambda': 0.5, 'reg_alpha': 0.0, 'num_leaves': 7, 'n_estimators': 400, 'min_child_samples': 50, 'learning_rate': 0.01, 'colsample_bytree': 0.7}",0.7017777495907753,0.7159331641942399,0.7445373897174938,0.7295941394489114,0.7100991969444572,0.7203883279791756,0.015099619050879552,79,0.7433307515930707,0.7396233739256974,0.7354564717653737,0.7369399490351879,0.7397820019187175,0.7390265096476094,0.0027037906698979966
15.640147066116333,0.027606678767997533,1.3258626937866211,0.049748641467959785,0.7,2,0.5,0.0,15,800,100,0.03,0.85,"{'subsample': 0.7, 'scale_pos_weight': 2, 'reg_lambda': 0.5, 'reg_alpha': 0.0, 'num_leaves': 15, 'n_estimators': 800, 'min_child_samples': 100, 'learning_rate': 0.03, 'colsample_bytree': 0.85}",0.7041455040458626,0.7209766386782541,0.7399332359832522,0.7243999143210139,0.7124246381984285,0.7203759862453623,0.012047334028780853,80,0.8614908772259118,0.8560983812492304,0.8570759035102526,0.8584018398909168,0.8558309454827108,0.8577795894718045,0.0020629930098882542
16.06691117286682,0.8212317607531101,1.510066270828247,0.04619067495894549,0.85,5,1.0,0.0,15,800,50,0.03,0.85,"{'subsample': 0.85, 'scale_pos_weight': 5, 'reg_lambda': 1.0, 'reg_alpha': 0.0, 'num_leaves': 15, 'n_estimators': 800, 'min_child_samples': 50, 'learning_rate': 0.03, 'colsample_bytree': 0.85}",0.7036049268443968,0.721629015120103,0.7401043075553326,0.7222140444823254,0.7142326068751799,0.7203569801754676,0.011942888582885329,81,0.859359400930771,0.8568244400809397,0.8551977324226727,0.8577144574392568,0.851562813915669,0.8561317689578619,0.0026514176846765994
14.795444583892822,0.14702504400901925,0.6945347785949707,0.015102476562568308,0.7,10,1.0,0.1,31,400,100,0.01,0.85,"{'subsample': 0.7, 'scale_pos_weight': 10, 'reg_lambda': 1.0, 'reg_alpha': 0.1, 'num_leaves': 31, 'n_estimators': 400, 'min_child_samples': 100, 'learning_rate': 0.01, 'colsample_bytree': 0.85}",0.7009186596048662,0.7163827032598482,0.7418030692775173,0.7320886887931206,0.7096000900621844,0.7201586421995072,0.01487766718014466,82,0.7601871338409529,0.7600836786497371,0.7585029805755779,0.7603840747929743,0.762128975340731,0.7602573686399946,0.0011516896032980628
15.128435373306274,0.288076974120035,1.124431037902832,0.05678421688052214,0.7,2,0.5,0.1,31,400,100,0.03,0.7,"{'subsample': 0.7, 'scale_pos_weight': 2, 'reg_lambda': 0.5, 'reg_alpha': 0.1, 'num_leaves': 31, 'n_estimators': 400, 'min_child_samples': 100, 'learning_rate': 0.03, 'colsample_bytree': 0.7}",0.7021952353082725,0.7228995942005935,0.7394595068696285,0.7254441085580323,0.7107739373483568,0.7201544764569767,0.012796319275712864,83,0.8719491283408225,0.8699480575629183,0.8693248160035342,0.8711885021572755,0.8677220051122505,0.8700265018353601,0.0014734964597802795
8.37363805770874,0.7283803628897749,0.571392822265625,0.01866512721460859,0.85,5,0.5,0.0,15,400,50,0.01,0.7,"{'subsample': 0.85, 'scale_pos_weight': 5, 'reg_lambda': 0.5, 'reg_alpha': 0.0, 'num_leaves': 15, 'n_estimators': 400, 'min_child_samples': 50, 'learning_rate': 0.01, 'colsample_bytree': 0.7}",0.7030187954102743,0.7148542359139439,0.7406893904118572,0.7297740081578323,0.7121495476314488,0.7200971955050713,0.013416442717732206,84,0.7526880398560948,0.749350898719618,0.7478380833243707,0.747290543252789,0.7497709813396205,0.7493877092984986,0.0018889086980897415
6.560233163833618,0.04743356595366965,0.46986026763916017,0.019555639734153342,0.7,2,1.0,0.1,7,400,20,0.01,0.7,"{'subsample': 0.7, 'scale_pos_weight': 2, 'reg_lambda': 1.0, 'reg_alpha': 0.1, 'num_leaves': 7, 'n_estimators': 400, 'min_child_samples': 20, 'learning_rate': 0.01, 'colsample_bytree': 0.7}",0.701135559959996,0.7140168962298166,0.7444002425089107,0.7289729289545952,0.7117550743000008,0.7200561403906639,0.015069923412856094,85,0.7402303111566844,0.7382490794755311,0.7316343063794807,0.7347579407569953,0.737866794375551,0.7365476864288485,0.0030179795241142625
5.896602535247803,0.035112629670284494,0.43244781494140627,0.015384497787969314,0.85,2,1.0,0.1,7,400,100,0.01,0.7,"{'subsample': 0.85, 'scale_pos_weight': 2, 'reg_lambda': 1.0, 'reg_alpha': 0.1, 'num_leaves': 7, 'n_estimators': 400, 'min_child_samples': 100, 'learning_rate': 0.01, 'colsample_bytree': 0.7}",0.7008516626521111,0.7143587845642156,0.7444600917691351,0.7293107366309163,0.7108407554476271,0.719964406212801,0.015279747818128554,86,0.7406302186623714,0.7375668408917959,0.7318332589234904,0.7352976604382542,0.7377854535615291,0.7366226864954882,0.0029325101657898
6.347816467285156,0.04030566963060382,0.48042912483215333,0.01012160372384502,0.7,2,0.5,0.0,7,400,50,0.01,0.7,"{'subsample': 0.7, 'scale_pos_weight': 2, 'reg_lambda': 0.5, 'reg_alpha': 0.0, 'num_leaves': 7, 'n_estimators': 400, 'min_child_samples': 50, 'learning_rate': 0.01, 'colsample_bytree': 0.7}",0.7014444525933207,0.7140982215155333,0.7439985420500028,0.7290530769616863,0.7112206463090511,0.7199629878859188,0.014927141411462822,87,0.7399345929570866,0.7375812116541347,0.7314606639191192,0.7345204369809908,0.7378014393143978,0.7362596689651458,0.0029558069815768142
7.615071725845337,0.0237147602458223,0.6263727188110352,0.037384792627800284,0.85,2,1.0,0.0,7,400,50,0.01,0.7,"{'subsample': 0.85, 'scale_pos_weight': 2, 'reg_lambda': 1.0, 'reg_alpha': 0.0, 'num_leaves': 7, 'n_estimators': 400, 'min_child_samples': 50, 'learning_rate': 0.01, 'colsample_bytree': 0.7}",0.7007488354183662,0.7142578626502294,0.7442524868048392,0.728917244154609,0.7112263757813101,0.7198805609618708,0.015153778354827742,88,0.7396610883108121,0.7380320202548849,0.7313152207623959,0.7340052715494212,0.7377643278632777,0.7361555857481583,0.003047969495137745
10.79367799758911,0.11311400394078498,1.1809034824371338,0.05441308772322826,0.85,5,1.0,0.0,7,800,20,0.07,0.7,"{'subsample': 0.85, 'scale_pos_weight': 5, 'reg_lambda': 1.0, 'reg_alpha': 0.0, 'num_leaves': 7, 'n_estimators': 800, 'min_child_samples': 20, 'learning_rate': 0.07, 'colsample_bytree': 0.7}",0.701709634989578,0.7208629590241512,0.7369374804011359,0.7265977493834372,0.7128269164218477,0.71978694804403,0.011974279620058911,89,0.8439685253241457,0.8416168593862328,0.8400586367551773,0.8424137996331367,0.8362939266101485,0.8408703495417681,0.0026130722457639154
16.092651891708375,0.1078109049761827,1.373247241973877,0.07536385758678646,0.85,1,1.0,0.1,15,800,100,0.03,0.85,"{'subsample': 0.85, 'scale_pos_weight': 1, 'reg_lambda': 1.0, 'reg_alpha': 0.1, 'num_leaves': 15, 'n_estimators': 800, 'min_child_samples': 100, 'learning_rate': 0.03, 'colsample_bytree': 0.85}",0.7010995158483985,0.7221798847917725,0.738438000200039,0.7258638944601165,0.7112744348903207,0.7197711460381295,0.012745186732961574,90,0.8655726241595763,0.8618787696185664,0.8622635715644912,0.862121162232125,0.8605954032567018,0.8624863061662922,0.0016524475193776976
16.4427050113678,1.0486662317426367,1.3862669944763184,0.13058150737922136,0.85,1,1.0,0.0,15,800,20,0.03,0.85,"{'subsample': 0.85, 'scale_pos_weight': 1, 'reg_lambda': 1.0, 'reg_alpha': 0.0, 'num_leaves': 15, 'n_estimators': 800, 'min_child_samples': 20, 'learning_rate': 0.03, 'colsample_bytree': 0.85}",0.7048261479457765,0.7224172720878347,0.7360397465281417,0.7218895019798193,0.7136809087325412,0.7197707154548227,0.010359543757927301,91,0.8737320597520674,0.872256279224142,0.8689336582581892,0.8710782515391823,0.8696743243238454,0.8711349146194852,0.0017311664103028734
10.842426967620849,0.054877850456598806,0.9918135166168213,0.025087545524950815,0.85,10,0.5,0.1,7,800,100,0.07,0.85,"{'subsample': 0.85, 'scale_pos_weight': 10, 'reg_lambda': 0.5, 'reg_alpha': 0.1, 'num_leaves': 7, 'n_estimators': 800, 'min_child_samples': 100, 'learning_rate': 0.07, 'colsample_bytree': 0.85}",0.7036170887478234,0.7182764736964227,0.7353289162120165,0.7260826229747963,0.7152142338058131,0.7197038670873744,0.010637757123191727,92,0.8297621524690756,0.8252526270566518,0.825360941136553,0.8286587357429469,0.8251432750024505,0.8268355462815355,0.001971442075095313
9.596992492675781,0.10667276486527745,1.0683156490325927,0.049149132119831754,0.7,5,1.0,0.1,7,800,100,0.07,0.7,"{'subsample': 0.7, 'scale_pos_weight': 5, 'reg_lambda': 1.0, 'reg_alpha': 0.1, 'num_leaves': 7, 'n_estimators': 800, 'min_child_samples': 100, 'learning_rate': 0.07, 'colsample_bytree': 0.7}",0.7040807849443074,0.720817504603094,0.7348695196090436,0.7262800299287104,0.7124196239283429,0.7196934926026997,0.010692272710134669,93,0.8339686000281544,0.8316268629417157,0.8331711694860338,0.8312948668449278,0.8300213407429389,0.8320165680087541,0.0013997991304109734
8.984118175506591,0.6724966802869107,0.5447162628173828,0.018085175244423952,0.7,5,0.5,0.1,15,400,20,0.01,0.7,"{'subsample': 0.7, 'scale_pos_weight': 5, 'reg_lambda': 0.5, 'reg_alpha': 0.1, 'num_leaves': 15, 'n_estimators': 400, 'min_child_samples': 20, 'learning_rate': 0.01, 'colsample_bytree': 0.7}",0.7031586383655302,0.7149719578250593,0.740434332363969,0.7293314101812658,0.7103400836126277,0.7196472844696904,0.013462850874406766,94,0.7529908220675128,0.7511253503662432,0.746019240268959,0.7474306196287741,0.7489506056994512,0.749303327606188,0.002503360137541909
12.94519567489624,0.12902602274471617,0.781368350982666,0.009670290462073036,0.85,10,1.0,0.1,31,400,100,0.01,0.7,"{'subsample': 0.85, 'scale_pos_weight': 10, 'reg_lambda': 1.0, 'reg_alpha': 0.1, 'num_leaves': 31, 'n_estimators': 400, 'min_child_samples': 100, 'learning_rate': 0.01, 'colsample_bytree': 0.7}",0.7023162114144974,0.7157901249397425,0.7412614930954413,0.7289656157693302,0.709761536182027,0.7196189962802076,0.013906639448191323,95,0.7625659407537796,0.7566197859993482,0.7589788488141753,0.7595202822380408,0.761401717238364,0.7598173150087415,0.0020533250937798983
14.471203136444093,0.045077542259561454,1.4511706352233886,0.02737866119314777,0.85,2,1.0,0.0,15,800,100,0.03,0.85,"{'subsample': 0.85, 'scale_pos_weight': 2, 'reg_lambda': 1.0, 'reg_alpha': 0.0, 'num_leaves': 15, 'n_estimators': 800, 'min_child_samples': 100, 'learning_rate': 0.03, 'colsample_bytree': 0.85}",0.702278555514148,0.7213756387587584,0.7381073872507602,0.7230406039761547,0.7129914594528498,0.7195587289905342,0.011842387954552136,96,0.859146298986453,0.8565480357682839,0.8558730150371897,0.8575242097788945,0.8546328973805565,0.8567448913902755,0.0015253546998575595
14.698532867431641,1.005914785690016,1.5817034721374512,0.10132061715430868,0.7,1,0.5,0.0,15,800,50,0.03,0.85,"{'subsample': 0.7, 'scale_pos_weight': 1, 'reg_lambda': 0.5, 'reg_alpha': 0.0, 'num_leaves': 15, 'n_estimators': 800, 'min_child_samples': 50, 'learning_rate': 0.03, 'colsample_bytree': 0.85}",0.7047009275332244,0.7206184947736795,0.7376152474665779,0.7252367520655973,0.7092571374085487,0.7194857118495255,0.011715385651221634,97,0.874428305102308,0.8709115784643837,0.8699736623939474,0.8705150073501132,0.8670771678470961,0.8705811442315696,0.002347811420052021
10.03693928718567,0.09720271523416942,0.514098834991455,0.010302258725001918,0.7,10,0.5,0.1,15,400,100,0.01,0.85,"{'subsample': 0.7, 'scale_pos_weight': 10, 'reg_lambda': 0.5, 'reg_alpha': 0.1, 'num_leaves': 15, 'n_estimators': 400, 'min_child_samples': 100, 'learning_rate': 0.01, 'colsample_bytree': 0.85}",0.7025519669261608,0.7141698644921891,0.7412762132452778,0.7286717005557184,0.7103362228672563,0.7194011936173205,0.01384121180983411,98,0.743321435117603,0.7406922953113279,0.7358905720194537,0.7395355592062305,0.741078070687245,0.7401035864683719,0.002438150661517635
13.255624341964722,0.06265504490373533,0.9871421813964844,0.031593924530040535,0.85,2,0.5,0.0,31,400,100,0.03,0.85,"{'subsample': 0.85, 'scale_pos_weight': 2, 'reg_lambda': 0.5, 'reg_alpha': 0.0, 'num_leaves': 31, 'n_estimators': 400, 'min_child_samples': 100, 'learning_rate': 0.03, 'colsample_bytree': 0.85}",0.7033124176130637,0.7183682821064519,0.7409454687511007,0.723815261391623,0.7105498797438106,0.7193982619212099,0.012821085127037937,99,0.8726054083503844,0.8715705368884813,0.8696262286423528,0.8729820895375069,0.8672816546661085,0.8708131836169667,0.002115200473128363
11.959754705429077,0.08184389484754871,1.0118257522583007,0.031204904932477955,0.7,2,0.5,0.0,31,400,100,0.03,0.85,"{'subsample': 0.7, 'scale_pos_weight': 2, 'reg_lambda': 0.5, 'reg_alpha': 0.0, 'num_leaves': 31, 'n_estimators': 400, 'min_child_samples': 100, 'learning_rate': 0.03, 'colsample_bytree': 0.85}",0.7033124176130637,0.7183682821064519,0.7409454687511007,0.723815261391623,0.7105498797438106,0.7193982619212099,0.012821085127037937,99,0.8726054083503844,0.8715705368884813,0.8696262286423528,0.8729820895375069,0.8672816546661085,0.8708131836169667,0.002115200473128363
13.246103000640868,0.09964738641185987,1.7554098606109618,0.023689130211481314,0.85,1,0.5,0.0,15,800,100,0.03,0.7,"{'subsample': 0.85, 'scale_pos_weight': 1, 'reg_lambda': 0.5, 'reg_alpha': 0.0, 'num_leaves': 15, 'n_estimators': 800, 'min_child_samples': 100, 'learning_rate': 0.03, 'colsample_bytree': 0.7}",0.7015170330531482,0.7196432373569093,0.7406691088448247,0.7220745101135277,0.7127738515018387,0.7193355481740498,0.01283177883510076,101,0.8664679065017702,0.8622166213017444,0.8623730192543323,0.8627713105995862,0.8598349211633718,0.8627327557641609,0.002132889496496532
9.32434697151184,0.06933040593115812,0.915484094619751,0.017329479159059153,0.85,2,1.0,0.0,7,800,100,0.07,0.85,"{'subsample': 0.85, 'scale_pos_weight': 2, 'reg_lambda': 1.0, 'reg_alpha': 0.0, 'num_leaves': 7, 'n_estimators': 800, 'min_child_samples': 100, 'learning_rate': 0.07, 'colsample_bytree': 0.85}",0.7005221229932809,0.7206683861330521,0.7347352693325242,0.726730571093884,0.7129178461093896,0.7191148391324262,0.011734585950824647,102,0.8439318154959627,0.8418214500195144,0.8418492814773582,0.8426926109851621,0.8406085338659455,0.8421807383687886,0.0010990053201205788
10.477776288986206,0.8345758555585436,0.8540524005889892,0.02846891869627688,0.7,10,0.5,0.1,7,800,20,0.07,0.85,"{'subsample': 0.7, 'scale_pos_weight': 10, 'reg_lambda': 0.5, 'reg_alpha': 0.1, 'num_leaves': 7, 'n_estimators': 800, 'min_child_samples': 20, 'learning_rate': 0.07, 'colsample_bytree': 0.85}",0.7024562300990294,0.7186824798698854,0.7387726263708017,0.7209032209064695,0.713592880558175,0.7188814875608721,0.011811374684213985,103,0.8437394938168864,0.8402053441574964,0.8379477641694147,0.8421108580983535,0.8370465728091606,0.8402100066102622,0.0024978227453160925
12.203504610061646,0.08011311889931469,0.6838964939117431,0.024753228019723628,0.85,10,0.5,0.1,31,400,50,0.01,0.7,"{'subsample': 0.85, 'scale_pos_weight': 10, 'reg_lambda': 0.5, 'reg_alpha': 0.1, 'num_leaves': 31, 'n_estimators': 400, 'min_child_samples': 50, 'learning_rate': 0.01, 'colsample_bytree': 0.7}",0.7015628671187311,0.7137678466695776,0.739768773385834,0.7285979532694822,0.7106731524998022,0.7188741185886854,0.013595211253602121,104,0.7628641549349134,0.7587304130106695,0.7593006709036756,0.7603487030194448,0.7627125961528266,0.760791307604306,0.001711912898518474
14.532263040542603,0.04439255855026752,1.3093206405639648,0.05159709473244974,0.85,10,1.0,0.0,15,800,20,0.03,0.85,"{'subsample': 0.85, 'scale_pos_weight': 10, 'reg_lambda': 1.0, 'reg_alpha': 0.0, 'num_leaves': 15, 'n_estimators': 800, 'min_child_samples': 20, 'learning_rate': 0.03, 'colsample_bytree': 0.85}",0.7042799384669404,0.7208960811522256,0.7366446137871143,0.7209334497522117,0.7112430748916077,0.7187994316100199,0.010911596653611709,105,0.86350424062791,0.8628388403504158,0.8577912807177837,0.8616494572973987,0.8575856961903595,0.8606739030367736,0.0025098208512721234
16.323940992355347,0.12808537495779118,0.7189737796783447,0.007194696550427135,0.85,10,1.0,0.0,31,400,20,0.01,0.85,"{'subsample': 0.85, 'scale_pos_weight': 10, 'reg_lambda': 1.0, 'reg_alpha': 0.0, 'num_leaves': 31, 'n_estimators': 400, 'min_child_samples': 20, 'learning_rate': 0.01, 'colsample_bytree': 0.85}",0.7019615768730934,0.7138350998383429,0.741214467659571,0.7278175637118798,0.7085673966816156,0.7186792209529005,0.014117654022932084,106,0.7627485370689268,0.762521377418657,0.7605737515852415,0.7631299524541441,0.7630700402122367,0.7624087317478412,0.0009436945578742056
13.836309909820557,0.37238246485188425,0.7092185020446777,0.044687317436970825,0.7,10,0.5,0.0,31,400,20,0.01,0.7,"{'subsample': 0.7, 'scale_pos_weight': 10, 'reg_lambda': 0.5, 'reg_alpha': 0.0, 'num_leaves': 31, 'n_estimators': 400, 'min_child_samples': 20, 'learning_rate': 0.01, 'colsample_bytree': 0.7}",0.7017122731714589,0.7128647687429361,0.7402374862795762,0.7270853875217993,0.7111824594685564,0.7186164750368654,0.013515097922714393,107,0.7650223601460346,0.761366882729644,0.76501926643525,0.7628268121570962,0.7646948914160129,0.7637860425768076,0.0014593002291347602
16.991238832473755,0.212149981766318,0.6967399597167969,0.032154931357585174,0.7,10,0.5,0.1,31,400,20,0.01,0.85,"{'subsample': 0.7, 'scale_pos_weight': 10, 'reg_lambda': 0.5, 'reg_alpha': 0.1, 'num_leaves': 31, 'n_estimators': 400, 'min_child_samples': 20, 'learning_rate': 0.01, 'colsample_bytree': 0.85}",0.7020219770756989,0.713881756299503,0.7391466092758692,0.7281799123413486,0.7095772274744887,0.7185614964933817,0.013359891858440323,108,0.7662637900429685,0.7633550012546377,0.7617513396004834,0.7634668439998702,0.7648398376370928,0.7639353625070104,0.0015209164922617507
9.230928134918212,0.07623696080126098,0.5253996849060059,0.018201348248858506,0.85,10,1.0,0.0,15,400,50,0.01,0.85,"{'subsample': 0.85, 'scale_pos_weight': 10, 'reg_lambda': 1.0, 'reg_alpha': 0.0, 'num_leaves': 15, 'n_estimators': 400, 'min_child_samples': 50, 'learning_rate': 0.01, 'colsample_bytree': 0.85}",0.7023933748815405,0.7123922476897716,0.7394204820241925,0.727804448570446,0.7106968556431239,0.7185414817618149,0.013280420177733525,109,0.7432071226659531,0.7414342037923858,0.7327410398400218,0.7370991381268176,0.7406018614346496,0.7390166731719656,0.0037142336344623
15.35579161643982,0.08723506956304518,0.8687246322631836,0.030642048600496418,0.7,1,1.0,0.1,31,400,20,0.03,0.85,"{'subsample': 0.7, 'scale_pos_weight': 1, 'reg_lambda': 1.0, 'reg_alpha': 0.1, 'num_leaves': 31, 'n_estimators': 400, 'min_child_samples': 20, 'learning_rate': 0.03, 'colsample_bytree': 0.85}",0.7005986327531504,0.7190945663987256,0.7386643053317028,0.7235198487717629,0.7105546389083941,0.7184863984327471,0.012772927523269108,110,0.8894470857860381,0.887272085554355,0.8864230152433881,0.8882610037563815,0.8836450565924043,0.8870096493865134,0.001961656493423791
7.820644807815552,0.03631383485952897,0.7236565113067627,0.017492214996155782,0.7,5,0.5,0.0,15,400,100,0.07,0.7,"{'subsample': 0.7, 'scale_pos_weight': 5, 'reg_lambda': 0.5, 'reg_alpha': 0.0, 'num_leaves': 15, 'n_estimators': 400, 'min_child_samples': 100, 'learning_rate': 0.07, 'colsample_bytree': 0.7}",0.7016701383522732,0.7195247019371087,0.737226978497509,0.7226699708507255,0.709840721186035,0.7181865021647302,0.012057150101064439,111,0.8594533906294873,0.859217517673595,0.8560822554770127,0.8608663757649176,0.8555544481888295,0.8582347975467683,0.0020588162574561963
5.587473964691162,0.04188571123386795,0.406276798248291,0.00778126950101329,0.7,5,0.5,0.0,7,400,50,0.01,0.7,"{'subsample': 0.7, 'scale_pos_weight': 5, 'reg_lambda': 0.5, 'reg_alpha': 0.0, 'num_leaves': 7, 'n_estimators': 400, 'min_child_samples': 50, 'learning_rate': 0.01, 'colsample_bytree': 0.7}",0.7011751902580938,0.7117130816907694,0.7402511777907109,0.7277189622955039,0.7100466449650485,0.7181810114000253,0.013966135732770361,112,0.7360534336958522,0.7326365469676732,0.7241619233223693,0.7297235228772636,0.7332501215572161,0.7311651096840749,0.004038091271211523
6.800833749771118,0.49020028166326485,0.48900866508483887,0.011850258004859648,0.85,2,0.5,0.0,15,400,20,0.07,0.7,"{'subsample': 0.85, 'scale_pos_weight': 2, 'reg_lambda': 0.5, 'reg_alpha': 0.0, 'num_leaves': 15, 'n_estimators': 400, 'min_child_samples': 20, 'learning_rate': 0.07, 'colsample_bytree': 0.7}",0.7052254173418036,0.7183005160023799,0.7347371122171551,0.7236519203270089,0.7084827784374901,0.7180795488651674,0.010638620839859224,113,0.8823848100025469,0.8821215880636767,0.8801949462012315,0.8838121004513111,0.875713852284148,0.8808454594005829,0.002812672138176711
9.948917722702026,0.1068853334127661,0.5056859016418457,0.011410112762315818,0.85,10,1.0,0.0,15,400,20,0.01,0.85,"{'subsample': 0.85, 'scale_pos_weight': 10, 'reg_lambda': 1.0, 'reg_alpha': 0.0, 'num_leaves': 15, 'n_estimators': 400, 'min_child_samples': 20, 'learning_rate': 0.01, 'colsample_bytree': 0.85}",0.7014772717247915,0.7116578446517619,0.7380652016888074,0.7258105127389882,0.7095640652365336,0.7173149792081766,0.013005065475292978,114,0.743064115029098,0.7412572640565469,0.730153884115673,0.7350695490650024,0.7401947420004218,0.7379479108533484,0.004716088068879688
15.279015827178956,2.452992263098499,2.109416961669922,0.4232487477142927,0.85,5,1.0,0.0,31,800,100,0.03,0.7,"{'subsample': 0.85, 'scale_pos_weight': 5, 'reg_lambda': 1.0, 'reg_alpha': 0.0, 'num_leaves': 31, 'n_estimators': 800, 'min_child_samples': 100, 'learning_rate': 0.03, 'colsample_bytree': 0.7}",0.699328054489994,0.7163476191293632,0.7357602517177494,0.7211104018151242,0.7123988787860972,0.7169890411876656,0.011855255564105533,115,0.9217642000141151,0.9222348077951974,0.9223726994253477,0.9237165398566295,0.9213647797800986,0.9222906053742775,0.0007971696914782043
18.55138750076294,0.8872516768533472,2.2280272960662844,0.050508195766700945,0.7,5,1.0,0.0,31,800,100,0.03,0.7,"{'subsample': 0.7, 'scale_pos_weight': 5, 'reg_lambda': 1.0, 'reg_alpha': 0.0, 'num_leaves': 31, 'n_estimators': 800, 'min_child_samples': 100, 'learning_rate': 0.03, 'colsample_bytree': 0.7}",0.699328054489994,0.7163476191293632,0.7357602517177494,0.7211104018151242,0.7123988787860972,0.7169890411876656,0.011855255564105533,115,0.9217642000141151,0.9222348077951974,0.9223726994253477,0.9237165398566295,0.9213647797800986,0.9222906053742775,0.0007971696914782043
21.515303802490234,1.279698393120513,1.663896083831787,0.06024514538793329,0.7,5,1.0,0.1,31,800,20,0.03,0.7,"{'subsample': 0.7, 'scale_pos_weight': 5, 'reg_lambda': 1.0, 'reg_alpha': 0.1, 'num_leaves': 31, 'n_estimators': 800, 'min_child_samples': 20, 'learning_rate': 0.03, 'colsample_bytree': 0.7}",0.6997179719551513,0.7214589960559843,0.7298519615690309,0.7196237145830802,0.713387617162959,0.7168080522652411,0.010034670135609724,117,0.9474879547745353,0.9475170225254831,0.9444923098627022,0.9468544991322263,0.9445611034933368,0.9461825779576568,0.0013727647048743107
8.953483390808106,0.44608889838059557,0.5502047061920166,0.02305354008510298,0.7,1,1.0,0.1,15,400,20,0.07,0.85,"{'subsample': 0.7, 'scale_pos_weight': 1, 'reg_lambda': 1.0, 'reg_alpha': 0.1, 'num_leaves': 15, 'n_estimators': 400, 'min_child_samples': 20, 'learning_rate': 0.07, 'colsample_bytree': 0.85}",0.7013461537208368,0.7176145271262999,0.7361470386841682,0.7178189995754114,0.71055405579748,0.7166961549808393,0.011434937562416739,118,0.8849138182468493,0.8835938420666714,0.8821680727217092,0.8831660363714834,0.8823495222424709,0.8832382583298368,0.000987350587126853
8.709688282012939,0.11864084829219664,0.5332851886749268,0.0311163079702857,0.85,5,1.0,0.1,15,400,20,0.07,0.85,"{'subsample': 0.85, 'scale_pos_weight': 5, 'reg_lambda': 1.0, 'reg_alpha': 0.1, 'num_leaves': 15, 'n_estimators': 400, 'min_child_samples': 20, 'learning_rate': 0.07, 'colsample_bytree': 0.85}",0.7022076956167599,0.7197445866811036,0.7304747427019578,0.7203576739424642,0.7099707312141211,0.7165510860312814,0.009670477662576558,119,0.8772284564586005,0.8741329474267934,0.8744211944942718,0.8777758273544782,0.8699594854866518,0.8747035822441591,0.0027830020049327466
20.549204540252685,0.11888438654108525,2.137762212753296,0.06589629024778602,0.85,10,1.0,0.1,31,800,100,0.03,0.7,"{'subsample': 0.85, 'scale_pos_weight': 10, 'reg_lambda': 1.0, 'reg_alpha': 0.1, 'num_leaves': 31, 'n_estimators': 800, 'min_child_samples': 100, 'learning_rate': 0.03, 'colsample_bytree': 0.7}",0.7021124561487431,0.7183669642961973,0.7330117330240329,0.7191495426805032,0.709336263422609,0.716395391914417,0.010405852056609932,120,0.9140071123682941,0.914756393818099,0.9155831840980905,0.914596668071793,0.9125410212753489,0.9142968759263251,0.0010121866637150105
28.54125165939331,0.14216200809814047,2.472751998901367,0.03961355333861206,0.7,1,1.0,0.1,31,800,100,0.03,0.85,"{'subsample': 0.7, 'scale_pos_weight': 1, 'reg_lambda': 1.0, 'reg_alpha': 0.1, 'num_leaves': 31, 'n_estimators': 800, 'min_child_samples': 100, 'learning_rate': 0.03, 'colsample_bytree': 0.85}",0.6979039198512651,0.7174496285035179,0.732380654213297,0.7244817670455158,0.7093013473208994,0.7163034633868991,0.011951964205074677,121,0.9384628945990858,0.9381813852944115,0.9366955200328896,0.9377544417510695,0.9354314043794888,0.9373051292113891,0.001112887709563465
7.117721366882324,0.21031668787622732,0.3912245750427246,0.07686360589561032,0.85,1,0.5,0.0,15,400,50,0.07,0.7,"{'subsample': 0.85, 'scale_pos_weight': 1, 'reg_lambda': 0.5, 'reg_alpha': 0.0, 'num_leaves': 15, 'n_estimators': 400, 'min_child_samples': 50, 'learning_rate': 0.07, 'colsample_bytree': 0.7}",0.6999458068194561,0.7157096345504487,0.734113334373868,0.7218222428122403,0.7089915699670628,0.7161165177046153,0.01156601084147756,122,0.8837879788819085,0.8811243385961124,0.8802168872412436,0.8836468939055035,0.8771712615221785,0.8811894720293892,0.0024448860650065625
22.620208644866942,0.13203153199360063,1.8976150512695313,0.09631662625227952,0.85,2,0.5,0.1,31,800,20,0.03,0.7,"{'subsample': 0.85, 'scale_pos_weight': 2, 'reg_lambda': 0.5, 'reg_alpha': 0.1, 'num_leaves': 31, 'n_estimators': 800, 'min_child_samples': 20, 'learning_rate': 0.03, 'colsample_bytree': 0.7}",0.6985816149333637,0.7195794553274864,0.731600912453276,0.7210060680234234,0.7090130627222917,0.7159562226919682,0.011255838800019747,123,0.9523282213233414,0.9522451299352386,0.9506219029489511,0.9499552453345442,0.94702867050051,0.950435834008517,0.001935408576719623
8.614773941040038,0.5410303268375546,0.7483693599700928,0.02514204169666068,0.7,1,0.5,0.1,15,400,50,0.07,0.85,"{'subsample': 0.7, 'scale_pos_weight': 1, 'reg_lambda': 0.5, 'reg_alpha': 0.1, 'num_leaves': 15, 'n_estimators': 400, 'min_child_samples': 50, 'learning_rate': 0.07, 'colsample_bytree': 0.85}",0.703372126279363,0.7167777540327397,0.7329766387084095,0.7179467197620661,0.7080657932361257,0.7158278064037409,0.010147585520769248,124,0.8843830166608296,0.881967373514921,0.8819311174349861,0.8813520847932073,0.8803970773761578,0.8820061339560205,0.001317083492206874
6.381710863113403,0.07636418855920199,0.4223127841949463,0.00993414888050346,0.7,10,1.0,0.1,7,400,20,0.01,0.7,"{'subsample': 0.7, 'scale_pos_weight': 10, 'reg_lambda': 1.0, 'reg_alpha': 0.1, 'num_leaves': 7, 'n_estimators': 400, 'min_child_samples': 20, 'learning_rate': 0.01, 'colsample_bytree': 0.7}",0.6983089164232377,0.7090054164782219,0.7343423492885168,0.7251596427559103,0.7090286334974352,0.7151689916886644,0.012863798400523162,125,0.7310090348285714,0.7285191597269414,0.7168866894553731,0.7222040287048344,0.7286464235164019,0.7254530672464246,0.005184714129895858
19.34184241294861,0.14781595718860843,1.8474042892456055,0.058502883291864295,0.7,1,0.5,0.0,31,800,20,0.03,0.7,"{'subsample': 0.7, 'scale_pos_weight': 1, 'reg_lambda': 0.5, 'reg_alpha': 0.0, 'num_leaves': 31, 'n_estimators': 800, 'min_child_samples': 20, 'learning_rate': 0.03, 'colsample_bytree': 0.7}",0.6997449892732466,0.7152871525704332,0.7343170776183658,0.7178011373295754,0.7074761986017134,0.714925311078667,0.011579061812005234,126,0.9534671096406722,0.9500550721782861,0.9514761931710163,0.9500164768905466,0.9485233426190078,0.9507076388999056,0.0016661364247191428
18.47861762046814,0.08522187247321351,1.6777563095092773,0.08942425542843341,0.7,10,0.5,0.0,31,800,20,0.03,0.7,"{'subsample': 0.7, 'scale_pos_weight': 10, 'reg_lambda': 0.5, 'reg_alpha': 0.0, 'num_leaves': 31, 'n_estimators': 800, 'min_child_samples': 20, 'learning_rate': 0.03, 'colsample_bytree': 0.7}",0.6936759379386619,0.721809278732705,0.7327000982636429,0.7143581295838936,0.7113776936559588,0.7147842276349724,0.012866045938917579,127,0.9497880575200035,0.9483441424414383,0.9479386139816288,0.9468838457024733,0.9444760441979321,0.9474861407686952,0.0017699243102981175
12.129819345474242,0.3920230862695208,0.7852634429931641,0.05198433433548039,0.85,10,1.0,0.0,31,400,20,0.07,0.85,"{'subsample': 0.85, 'scale_pos_weight': 10, 'reg_lambda': 1.0, 'reg_alpha': 0.0, 'num_leaves': 31, 'n_estimators': 400, 'min_child_samples': 20, 'learning_rate': 0.07, 'colsample_bytree': 0.85}",0.6953691955664629,0.7151738952605576,0.7289796376515356,0.7196532622536118,0.7118658401133944,0.7142083661691124,0.011037856479609828,128,0.9555514724843408,0.9586794567344891,0.9539752218493222,0.9562306153458826,0.9522879391961203,0.9553449411220309,0.0021525547642367187
25.512109136581422,0.8231427027371927,2.742850399017334,0.05764387806579926,0.7,2,0.5,0.0,31,800,100,0.03,0.85,"{'subsample': 0.7, 'scale_pos_weight': 2, 'reg_lambda': 0.5, 'reg_alpha': 0.0, 'num_leaves': 31, 'n_estimators': 800, 'min_child_samples': 100, 'learning_rate': 0.03, 'colsample_bytree': 0.85}",0.6999370716356221,0.7139656864467905,0.7348300888985004,0.7150980718381215,0.7062976743981684,0.7140257186434406,0.011765950954480414,129,0.9353545298104331,0.9334628169509117,0.9336276743381724,0.9349604177481106,0.9336370043911835,0.9342084886477622,0.0007872450083312409
13.147293376922608,0.12199697398103598,1.3799580574035644,0.0663323841232006,0.85,5,1.0,0.1,15,800,20,0.07,0.7,"{'subsample': 0.85, 'scale_pos_weight': 5, 'reg_lambda': 1.0, 'reg_alpha': 0.1, 'num_leaves': 15, 'n_estimators': 800, 'min_child_samples': 20, 'learning_rate': 0.07, 'colsample_bytree': 0.7}",0.6984865395527211,0.7165135825220761,0.7312923199744756,0.7122282568466192,0.710534767925378,0.713811093364254,0.010592245850541979,130,0.9404011019249539,0.9385113206523424,0.9403860700672004,0.9389811803230055,0.9370016933580213,0.9390562732651047,0.0012728577731951083
10.88203272819519,0.08439727668784354,0.6347376346588135,0.005978277525696539,0.85,2,0.5,0.1,31,400,20,0.07,0.7,"{'subsample': 0.85, 'scale_pos_weight': 2, 'reg_lambda': 0.5, 'reg_alpha': 0.1, 'num_leaves': 31, 'n_estimators': 400, 'min_child_samples': 20, 'learning_rate': 0.07, 'colsample_bytree': 0.7}",0.6938972208123413,0.7156196742533312,0.7313952210915222,0.7175008248708901,0.7071710843782497,0.7131168050812668,0.012363886845170131,131,0.9619284865710208,0.9603787913397058,0.9620652576530526,0.9623042152437511,0.9582830908718383,0.9609919683358736,0.0015142662549337681
18.267954063415527,0.10458353171491797,1.3439343452453614,0.0945019994639149,0.7,10,0.5,0.1,15,800,50,0.07,0.85,"{'subsample': 0.7, 'scale_pos_weight': 10, 'reg_lambda': 0.5, 'reg_alpha': 0.1, 'num_leaves': 15, 'n_estimators': 800, 'min_child_samples': 50, 'learning_rate': 0.07, 'colsample_bytree': 0.85}",0.6988275217549247,0.7116815262180041,0.7325319832657227,0.7168135485635646,0.7055183637858526,0.7130745887176138,0.011441906298488416,132,0.9268922503191505,0.927542329197066,0.9241022068915601,0.9273739015674177,0.9226124791244408,0.925704633419927,0.0019851047721856302
14.805797386169434,0.06883527545970101,1.5922221660614013,0.041133030003550355,0.7,2,1.0,0.0,15,800,20,0.07,0.85,"{'subsample': 0.7, 'scale_pos_weight': 2, 'reg_lambda': 1.0, 'reg_alpha': 0.0, 'num_leaves': 15, 'n_estimators': 800, 'min_child_samples': 20, 'learning_rate': 0.07, 'colsample_bytree': 0.85}",0.6995504735178991,0.7131202991275664,0.7301189932782999,0.7146071415663423,0.7079756069665081,0.7130745028913231,0.010017622884701663,133,0.9451222525826042,0.9454472590195573,0.944334389696502,0.9438928601546752,0.9439058074199924,0.9445405137746661,0.0006364591869937087
11.232627820968627,0.037203992574490446,1.027912473678589,0.03425255298071468,0.85,5,1.0,0.0,31,400,50,0.07,0.7,"{'subsample': 0.85, 'scale_pos_weight': 5, 'reg_lambda': 1.0, 'reg_alpha': 0.0, 'num_leaves': 31, 'n_estimators': 400, 'min_child_samples': 50, 'learning_rate': 0.07, 'colsample_bytree': 0.7}",0.6946171071480838,0.7170897696401856,0.7311801728916942,0.7157091884975582,0.7059375421766969,0.7129067560708438,0.012184828208524928,134,0.9462552138502806,0.9482231011543958,0.9443159238250697,0.947329047929916,0.9439146715105053,0.9460075916540335,0.0016708142061926648
15.0063907623291,1.5114554808808958,1.4134393215179444,0.02152702338485743,0.85,10,1.0,0.0,15,800,50,0.07,0.7,"{'subsample': 0.85, 'scale_pos_weight': 10, 'reg_lambda': 1.0, 'reg_alpha': 0.0, 'num_leaves': 15, 'n_estimators': 800, 'min_child_samples': 50, 'learning_rate': 0.07, 'colsample_bytree': 0.7}",0.6952060703183589,0.7160737322937798,0.7283610886762016,0.7140418967714761,0.7103298452687217,0.7128025266657076,0.01067759435106748,135,0.9239781728005878,0.9250651942954256,0.9213995405227922,0.9247858030934987,0.9199262627690787,0.9230309946962766,0.0020206667187523506
13.745068216323853,0.07184745136629245,1.5320826530456544,0.09459977171408902,0.7,10,0.5,0.0,15,800,100,0.07,0.85,"{'subsample': 0.7, 'scale_pos_weight': 10, 'reg_lambda': 0.5, 'reg_alpha': 0.0, 'num_leaves': 15, 'n_estimators': 800, 'min_child_samples': 100, 'learning_rate': 0.07, 'colsample_bytree': 0.85}",0.6956438274077836,0.71704786470731,0.7279658819586903,0.7174046369471827,0.7057814213544988,0.7127687264750932,0.011071050768758106,136,0.9128691302558688,0.9144285848363409,0.9142936893433478,0.9126682597925083,0.9102937109906453,0.9129106750437422,0.0014916950539579019
15.661089038848877,0.4964199494538765,1.4728277683258058,0.021429455900368544,0.7,10,0.5,0.0,31,400,100,0.07,0.85,"{'subsample': 0.7, 'scale_pos_weight': 10, 'reg_lambda': 0.5, 'reg_alpha': 0.0, 'num_leaves': 31, 'n_estimators': 400, 'min_child_samples': 100, 'learning_rate': 0.07, 'colsample_bytree': 0.85}",0.6991808626102604,0.7120610454135707,0.7293709666773859,0.7194727509664467,0.7037366653813804,0.7127644582098089,0.01083777853177926,137,0.9297258046701038,0.926916901215477,0.9276130990774283,0.9315851667250438,0.9276794891261617,0.9287040921628428,0.0017192216761081015
17.868142938613893,0.9360512176114053,1.6373164176940918,0.12683383305784746,0.85,1,1.0,0.1,15,800,100,0.07,0.85,"{'subsample': 0.85, 'scale_pos_weight': 1, 'reg_lambda': 1.0, 'reg_alpha': 0.1, 'num_leaves': 15, 'n_estimators': 800, 'min_child_samples': 100, 'learning_rate': 0.07, 'colsample_bytree': 0.85}",0.6937768794903312,0.7144151001521183,0.7318985985701238,0.7172154870476826,0.7063611632136079,0.7127334456947727,0.01257121416110488,138,0.9361942595493409,0.93536463253006,0.9354601858263912,0.9334498438912553,0.9334235459146573,0.9347784935423409,0.0011325943350317615
9.995454168319702,0.13493798512604122,0.9128902435302735,0.018449178387842803,0.85,1,1.0,0.0,31,400,100,0.07,0.7,"{'subsample': 0.85, 'scale_pos_weight': 1, 'reg_lambda': 1.0, 'reg_alpha': 0.0, 'num_leaves': 31, 'n_estimators': 400, 'min_child_samples': 100, 'learning_rate': 0.07, 'colsample_bytree': 0.7}",0.6950946328075375,0.713166175406206,0.7248432995651537,0.7201542981364565,0.7064147024402958,0.7119346216711299,0.010485881021731376,139,0.9488520693698591,0.94725780109883,0.9464923484764707,0.948267535131027,0.9456665460491966,0.9473072600250767,0.0011547323117432917
15.349978160858154,0.8173431800893268,1.3754851341247558,0.046979470789952675,0.85,10,0.5,0.0,15,800,50,0.07,0.85,"{'subsample': 0.85, 'scale_pos_weight': 10, 'reg_lambda': 0.5, 'reg_alpha': 0.0, 'num_leaves': 15, 'n_estimators': 800, 'min_child_samples': 50, 'learning_rate': 0.07, 'colsample_bytree': 0.85}",0.696298983948985,0.7167215497079272,0.7257508903357182,0.7102323181087811,0.7084071616481019,0.7114821807499027,0.009722082333699509,140,0.9275982635777532,0.9279649717762337,0.926392854190333,0.9275993323250611,0.9241425317312066,0.9267395907201175,0.0014030662884817263
14.816674613952637,0.14642734971240895,1.2329148769378662,0.04066551787292847,0.85,5,1.0,0.1,15,800,20,0.07,0.85,"{'subsample': 0.85, 'scale_pos_weight': 5, 'reg_lambda': 1.0, 'reg_alpha': 0.1, 'num_leaves': 15, 'n_estimators': 800, 'min_child_samples': 20, 'learning_rate': 0.07, 'colsample_bytree': 0.85}",0.6968047058154809,0.7132672759652263,0.7235025287329517,0.7109137569594959,0.7088846892631817,0.7106745913472674,0.00856636055072147,141,0.9429087150367403,0.9418003648895347,0.9440321815903319,0.9418477336050255,0.9384993719732765,0.9418176734189817,0.0018496889434282706
19.69327392578125,0.9406018793905777,1.1735960483551025,0.18514694311365107,0.7,5,1.0,0.1,31,800,20,0.07,0.7,"{'subsample': 0.7, 'scale_pos_weight': 5, 'reg_lambda': 1.0, 'reg_alpha': 0.1, 'num_leaves': 31, 'n_estimators': 800, 'min_child_samples': 20, 'learning_rate': 0.07, 'colsample_bytree': 0.7}",0.689730790550731,0.7105959223066599,0.730727385208781,0.7142201755053452,0.7018505691468397,0.7094249685436714,0.013589630394787201,142,0.9950049556584666,0.9939985441621519,0.9948976443344211,0.9948648383099629,0.9943073564564691,0.9946146677842943,0.00039218215526267504
12.477925682067871,0.0933010276682961,0.680457067489624,0.03867620013355171,0.7,10,1.0,0.1,31,400,20,0.07,0.85,"{'subsample': 0.7, 'scale_pos_weight': 10, 'reg_lambda': 1.0, 'reg_alpha': 0.1, 'num_leaves': 31, 'n_estimators': 400, 'min_child_samples': 20, 'learning_rate': 0.07, 'colsample_bytree': 0.85}",0.6895522741086237,0.7152664977622608,0.7215295922016779,0.7104010065524935,0.7084981868888328,0.7090495115027778,0.010739423598173287,143,0.957762252952071,0.9570190368227814,0.9561541125068601,0.954090883382344,0.9517822756968677,0.9553617122721849,0.002170925637495856
21.983824300765992,0.8196822033430267,2.251545810699463,0.028334599001142876,0.7,10,1.0,0.0,31,800,50,0.07,0.85,"{'subsample': 0.7, 'scale_pos_weight': 10, 'reg_lambda': 1.0, 'reg_alpha': 0.0, 'num_leaves': 31, 'n_estimators': 800, 'min_child_samples': 50, 'learning_rate': 0.07, 'colsample_bytree': 0.85}",0.6875726755023611,0.7090244117465035,0.7259343801420182,0.7114403035754734,0.7003864275396824,0.7068716397012077,0.012675986637079547,144,0.9900595580759094,0.9891619862416205,0.990898977990862,0.9905069564748624,0.9899758408749757,0.990120663931646,0.0005828833949288811
23.588456296920775,0.09867912013277672,2.900946044921875,0.073752241768256,0.85,2,0.5,0.0,31,800,50,0.07,0.7,"{'subsample': 0.85, 'scale_pos_weight': 2, 'reg_lambda': 0.5, 'reg_alpha': 0.0, 'num_leaves': 31, 'n_estimators': 800, 'min_child_samples': 50, 'learning_rate': 0.07, 'colsample_bytree': 0.7}",0.6906372403448078,0.7103896384175303,0.7181493113736147,0.7110422328288997,0.7008540420283997,0.7062144929986504,0.009534820770490268,145,0.9949730352969026,0.9944142952419268,0.9939114804186779,0.9945955054044903,0.9937127676081874,0.9943214167940371,0.00045757170127038593
18.20364155769348,1.0791994719805709,2.105380344390869,0.09781097315831565,0.7,10,0.5,0.0,31,800,50,0.07,0.7,"{'subsample': 0.7, 'scale_pos_weight': 10, 'reg_lambda': 0.5, 'reg_alpha': 0.0, 'num_leaves': 31, 'n_estimators': 800, 'min_child_samples': 50, 'learning_rate': 0.07, 'colsample_bytree': 0.7}",0.688985431971483,0.7083664109041294,0.722157850341701,0.7084727755943527,0.7027101158778006,0.7061385169378933,0.01070526576406333,146,0.9907474532240488,0.9898010216004164,0.9895149951343162,0.9910650080784202,0.9892318373824596,0.9900720630839321,0.0007115980633948601
22.96919102668762,0.09497230358198497,2.3700647830963133,0.03830634548213616,0.7,10,1.0,0.1,31,800,100,0.07,0.85,"{'subsample': 0.7, 'scale_pos_weight': 10, 'reg_lambda': 1.0, 'reg_alpha': 0.1, 'num_leaves': 31, 'n_estimators': 800, 'min_child_samples': 100, 'learning_rate': 0.07, 'colsample_bytree': 0.85}",0.6969561131520854,0.702220251031187,0.7179999257495755,0.7098319674980524,0.702531676892409,0.705907986864662,0.007304074446223241,147,0.982514756050181,0.9817349265580514,0.9831392856454422,0.9826131283517666,0.9822510314735557,0.9824506256157994,0.0004597467674965774
12.329296493530274,0.08035693284420935,0.9979743480682373,0.015951949842440534,0.7,2,1.0,0.1,31,800,100,0.07,0.85,"{'subsample': 0.7, 'scale_pos_weight': 2, 'reg_lambda': 1.0, 'reg_alpha': 0.1, 'num_leaves': 31, 'n_estimators': 800, 'min_child_samples': 100, 'learning_rate': 0.07, 'colsample_bytree': 0.85}",0.6890825199651178,0.7002904077806796,0.723234134005991,0.7114985643026467,0.7049720177799461,0.7058155287668761,0.011374856110156761,148,0.9903479162454925,0.9899384258542234,0.9902299909374982,0.9906355112148665,0.989659807318173,0.9901623303140508,0.00033632806345223077
21.588104677200317,0.10283963510998652,1.793687105178833,0.058691728732456115,0.85,1,0.5,0.0,31,800,20,0.07,0.85,"{'subsample': 0.85, 'scale_pos_weight': 1, 'reg_lambda': 0.5, 'reg_alpha': 0.0, 'num_leaves': 31, 'n_estimators': 800, 'min_child_samples': 20, 'learning_rate': 0.07, 'colsample_bytree': 0.85}",0.6890416008634188,0.7089017441008482,0.7200043462851218,0.7134529743093776,0.6972177480417774,0.7057236827201088,0.011175170283213798,149,0.9961612467141256,0.9962797529119389,0.9966163413650582,0.9962191390723982,0.9960418300442271,0.9962636620215497,0.00019304002199018266
16.354762268066406,2.240371679777688,1.7989438056945801,0.43497882812840266,0.85,1,0.5,0.1,31,800,100,0.07,0.7,"{'subsample': 0.85, 'scale_pos_weight': 1, 'reg_lambda': 0.5, 'reg_alpha': 0.1, 'num_leaves': 31, 'n_estimators': 800, 'min_child_samples': 100, 'learning_rate': 0.07, 'colsample_bytree': 0.7}",0.6884704227084453,0.7016871025098848,0.7239181336406835,0.7132511068088699,0.6981369484514739,0.7050927428238714,0.012306398576646714,150,0.9912525496321878,0.9902673356219949,0.9906669178379834,0.9908605920396473,0.9908236608502266,0.990774211196408,0.0003184805457745932
